"active","MailboxSMTP","AutoDAddress","Folderpath","enforce","NotifySMTP"
"1","frank.carius.ext@miele.com","","\01_01 in process","1","frank.carius.ext@miele.de"
"1","frank.carius.ext@miele.com","","\01_02 completed","1","frank.carius.ext@miele.de"
"","dmarc@miele.com","","\01_01 in process","1","frank.carius.ext@miele.de"
"","dmarc@miele.com","","\01_02 completed","1","jan-gerrit.drexhage@miele.com"
"","dmarc@miele.com","","\04 Information Request\04_01 in process","1","jan-gerrit.drexhage@miele.com"
"","dmarc@miele.com","","\1\1\1\1\1\1\1\1\1\1\1\1\1\1\1\1\1\1\1\1","1","jan-gerrit.drexhage@miele.com"
