"active","MailboxSMTP","reportadditionalfolders","NotifySMTP","templatefile"
"0","frank.carius.ext@miele.com","1","frank.carius.ext@miele.de","NEXTCCC-MakeFolder.foldertemplate.fc.csv"
"0","frank.carius.ext@miele.com","1","frank.carius.ext@miele.de","NEXTCCC-MakeFolder.foldertemplate.fc.csv"
"0","frank.carius.ext@miele.com","1","frank.carius.ext@miele.de","NEXTCCC-MakeFolder.foldertemplate.fc.csv"
"0","frank.carius.ext@miele.com","1","frank.carius.ext@miele.de","NEXTCCC-MakeFolder.foldertemplate.fc.csv"
"0","frank.carius.ext@miele.com","1","frank.carius.ext@miele.de","NEXTCCC-MakeFolder.foldertemplate.fc.csv"
"0","frank.carius.ext@miele.com","1","frank.carius.ext@miele.de","NEXTCCC-MakeFolder.foldertemplate.fc.csv"
"0","frank.carius.ext@miele.com","1","frank.carius.ext@miele.de","NEXTCCC-MakeFolder.foldertemplate.fc.csv"
"0","dmarc@miele.com","1","frank.carius.ext@miele.de","NEXTCCC-MakeFolder.foldertemplate.dmarc.csv"
"0","dmarc@miele.com","1","frank.carius.ext@miele.de","NEXTCCC-MakeFolder.foldertemplate.dmarc.csv"
"0","dmarc@miele.com","1","jan-gerrit.drexhage@miele.com","NEXTCCC-MakeFolder.foldertemplate.dmarc.csv"
"0","dmarc@miele.com","1","jan-gerrit.drexhage@miele.com, frank.carius.ext@miele.de","NEXTCCC-MakeFolder.foldertemplate.dmarc.csv"
"0","dmarc@miele.com","1","jan-gerrit.drexhage@miele.com, frank.carius.ext@miele.de","NEXTCCC-MakeFolder.foldertemplate.dmarc.csv"
"0","Test.next-b2c@miele.de","1","jan-gerrit.drexhage@miele.com","NEXTCCC-MakeFolder.foldertemplate.test.csv"
"0","Test.next-b2b@miele.de","1","jan-gerrit.drexhage@miele.com","NEXTCCC-MakeFolder.foldertemplate.test.csv"
"1","domesticservice@miele.es","1","jan-gerrit.drexhage@miele.com, christian.guenther@miele.com, thomas.millentrup@miele.com","NEXTCCC-MakeFolder.foldertemplate.1.csv"
"0","domesticservice@miele.es","1","jan-gerrit.drexhage@miele.com, christian.guenther@miele.com, thomas.millentrup@miele.com","NEXTCCC-MakeFolder.foldertemplate.1.csv"
"1","atenciondistribuidor@miele.es","1","jan-gerrit.drexhage@miele.com, christian.guenther@miele.com, thomas.millentrup@miele.com","NEXTCCC-MakeFolder.foldertemplate.1.csv"
"0","atenciondistribuidor@miele.es","1","jan-gerrit.drexhage@miele.com, christian.guenther@miele.com, thomas.millentrup@miele.com","NEXTCCC-MakeFolder.foldertemplate.1.csv"
"1","professional@miele.es","1","jan-gerrit.drexhage@miele.com, christian.guenther@miele.com, thomas.millentrup@miele.com","NEXTCCC-MakeFolder.foldertemplate.1.csv"
"0","professional@miele.es","1","jan-gerrit.drexhage@miele.com, christian.guenther@miele.com, thomas.millentrup@miele.com","NEXTCCC-MakeFolder.foldertemplate.1.csv"
"1","professionalservice@miele.es","1","jan-gerrit.drexhage@miele.com, christian.guenther@miele.com, thomas.millentrup@miele.com","NEXTCCC-MakeFolder.foldertemplate.1.csv"
"0","professionalservice@miele.es","1","jan-gerrit.drexhage@miele.com, christian.guenther@miele.com, thomas.millentrup@miele.com","NEXTCCC-MakeFolder.foldertemplate.1.csv"
"1","proyectos@miele.es","1","jan-gerrit.drexhage@miele.com, christian.guenther@miele.com, thomas.millentrup@miele.com","NEXTCCC-MakeFolder.foldertemplate.1.csv"
"0","proyectos@miele.es","1","jan-gerrit.drexhage@miele.com, christian.guenther@miele.com, thomas.millentrup@miele.com","NEXTCCC-MakeFolder.foldertemplate.1.csv"
"1","professionalcontracts@miele.pt","1","jan-gerrit.drexhage@miele.com, christian.guenther@miele.com, thomas.millentrup@miele.com","NEXTCCC-MakeFolder.foldertemplate.1.csv"
"0","professionalcontracts@miele.pt","1","jan-gerrit.drexhage@miele.com, christian.guenther@miele.com, thomas.millentrup@miele.com","NEXTCCC-MakeFolder.foldertemplate.1.csv"
"1","domesticsales@miele.pt","1","jan-gerrit.drexhage@miele.com, christian.guenther@miele.com, thomas.millentrup@miele.com","NEXTCCC-MakeFolder.foldertemplate.1.csv"
"0","domesticsales@miele.pt","1","jan-gerrit.drexhage@miele.com, christian.guenther@miele.com, thomas.millentrup@miele.com","NEXTCCC-MakeFolder.foldertemplate.1.csv"
"1","professionalservice@miele.pt","1","jan-gerrit.drexhage@miele.com, christian.guenther@miele.com, thomas.millentrup@miele.com","NEXTCCC-MakeFolder.foldertemplate.1.csv"
"0","professionalservice@miele.pt","1","jan-gerrit.drexhage@miele.com, christian.guenther@miele.com, thomas.millentrup@miele.com","NEXTCCC-MakeFolder.foldertemplate.1.csv"
"1","domesticprojects@miele.pt","1","jan-gerrit.drexhage@miele.com, christian.guenther@miele.com, thomas.millentrup@miele.com","NEXTCCC-MakeFolder.foldertemplate.1.csv"
"0","domesticprojects@miele.pt","1","jan-gerrit.drexhage@miele.com, christian.guenther@miele.com, thomas.millentrup@miele.com","NEXTCCC-MakeFolder.foldertemplate.1.csv"
"1","professionalcontracts@miele.pt","1","jan-gerrit.drexhage@miele.com, christian.guenther@miele.com, thomas.millentrup@miele.com","NEXTCCC-MakeFolder.foldertemplate.1.csv"
"0","professionalcontracts@miele.pt","1","jan-gerrit.drexhage@miele.com, christian.guenther@miele.com, thomas.millentrup@miele.com","NEXTCCC-MakeFolder.foldertemplate.1.csv"
"1","domesticservice@miele.pt","1","jan-gerrit.drexhage@miele.com, christian.guenther@miele.com, thomas.millentrup@miele.com","NEXTCCC-MakeFolder.foldertemplate.1.csv"
"0","domesticservice@miele.pt","1","jan-gerrit.drexhage@miele.com, christian.guenther@miele.com, thomas.millentrup@miele.com","NEXTCCC-MakeFolder.foldertemplate.1.csv"
"1","domesticservice@miele.ie","1","jan-gerrit.drexhage@miele.com, christian.guenther@miele.com, thomas.millentrup@miele.com","NEXTCCC-MakeFolder.foldertemplate.1.csv"
"0","domesticservice@miele.ie","1","jan-gerrit.drexhage@miele.com, christian.guenther@miele.com, thomas.millentrup@miele.com","NEXTCCC-MakeFolder.foldertemplate.1.csv"
"1","domesticsales@miele.ie","1","jan-gerrit.drexhage@miele.com, christian.guenther@miele.com, thomas.millentrup@miele.com","NEXTCCC-MakeFolder.foldertemplate.1.csv"
"0","domesticsales@miele.ie","1","jan-gerrit.drexhage@miele.com, christian.guenther@miele.com, thomas.millentrup@miele.com","NEXTCCC-MakeFolder.foldertemplate.1.csv"
"1","professional@miele.ie","1","jan-gerrit.drexhage@miele.com, christian.guenther@miele.com, thomas.millentrup@miele.com","NEXTCCC-MakeFolder.foldertemplate.1.csv"
"0","professional@miele.ie","1","jan-gerrit.drexhage@miele.com, christian.guenther@miele.com, thomas.millentrup@miele.com","NEXTCCC-MakeFolder.foldertemplate.1.csv"
"1","professionalcontracts@miele.ie","1","jan-gerrit.drexhage@miele.com, christian.guenther@miele.com, thomas.millentrup@miele.com","NEXTCCC-MakeFolder.foldertemplate.1.csv"
"0","professionalcontracts@miele.ie","1","jan-gerrit.drexhage@miele.com, christian.guenther@miele.com, thomas.millentrup@miele.com","NEXTCCC-MakeFolder.foldertemplate.1.csv"
"1","domesticprojects@miele.ie","1","jan-gerrit.drexhage@miele.com, christian.guenther@miele.com, thomas.millentrup@miele.com","NEXTCCC-MakeFolder.foldertemplate.1.csv"
"0","domesticprojects@miele.ie","1","jan-gerrit.drexhage@miele.com, christian.guenther@miele.com, thomas.millentrup@miele.com","NEXTCCC-MakeFolder.foldertemplate.1.csv"
"1","professional@miele.co.za","1","jan-gerrit.drexhage@miele.com, christian.guenther@miele.com, thomas.millentrup@miele.com","NEXTCCC-MakeFolder.foldertemplate.1.csv"
"0","professional@miele.co.za","1","jan-gerrit.drexhage@miele.com, christian.guenther@miele.com, thomas.millentrup@miele.com","NEXTCCC-MakeFolder.foldertemplate.1.csv"
"1","domesticservice@miele.co.za","1","jan-gerrit.drexhage@miele.com, christian.guenther@miele.com, thomas.millentrup@miele.com","NEXTCCC-MakeFolder.foldertemplate.1.csv"
"0","domesticservice@miele.co.za","1","jan-gerrit.drexhage@miele.com, christian.guenther@miele.com, thomas.millentrup@miele.com","NEXTCCC-MakeFolder.foldertemplate.1.csv"
"1","domesticsales@miele.co.za","1","jan-gerrit.drexhage@miele.com, christian.guenther@miele.com, thomas.millentrup@miele.com","NEXTCCC-MakeFolder.foldertemplate.1.csv"
"0","domesticsales@miele.co.za","1","jan-gerrit.drexhage@miele.com, christian.guenther@miele.com, thomas.millentrup@miele.com","NEXTCCC-MakeFolder.foldertemplate.1.csv"
"1","professional@miele.pt","1","jan-gerrit.drexhage@miele.com, christian.guenther@miele.com, thomas.millentrup@miele.com","NEXTCCC-MakeFolder.foldertemplate.1.csv"
"0","professional@miele.pt","1","jan-gerrit.drexhage@miele.com, christian.guenther@miele.com, thomas.millentrup@miele.com","NEXTCCC-MakeFolder.foldertemplate.1.csv"
"1","professionalcontracts@miele.es","1","jan-gerrit.drexhage@miele.com, christian.guenther@miele.com, thomas.millentrup@miele.com","NEXTCCC-MakeFolder.foldertemplate.1.csv"
"0","professionalcontracts@miele.es","1","jan-gerrit.drexhage@miele.com, christian.guenther@miele.com, thomas.millentrup@miele.com","NEXTCCC-MakeFolder.foldertemplate.1.csv"
"1","club@miele.co.za","1","jan-gerrit.drexhage@miele.com, christian.guenther@miele.com, thomas.millentrup@miele.com","NEXTCCC-MakeFolder.foldertemplate.2.csv"
"0","club@miele.co.za","1","jan-gerrit.drexhage@miele.com, christian.guenther@miele.com, thomas.millentrup@miele.com","NEXTCCC-MakeFolder.foldertemplate.2.csv"
"0","club@miele.co.za","1","jan-gerrit.drexhage@miele.com, christian.guenther@miele.com, thomas.millentrup@miele.com","NEXTCCC-MakeFolder.foldertemplate.2.csv"
"0","club@miele.co.za","1","jan-gerrit.drexhage@miele.com, christian.guenther@miele.com, thomas.millentrup@miele.com","NEXTCCC-MakeFolder.foldertemplate.2.csv"
"0","club@miele.co.za","1","jan-gerrit.drexhage@miele.com, christian.guenther@miele.com, thomas.millentrup@miele.com","NEXTCCC-MakeFolder.foldertemplate.2.csv"
"0","club@miele.co.za","1","jan-gerrit.drexhage@miele.com, christian.guenther@miele.com, thomas.millentrup@miele.com","NEXTCCC-MakeFolder.foldertemplate.2.csv"
"0","club@miele.co.za","1","jan-gerrit.drexhage@miele.com, christian.guenther@miele.com, thomas.millentrup@miele.com","NEXTCCC-MakeFolder.foldertemplate.2.csv"
"0","club@miele.co.za","1","jan-gerrit.drexhage@miele.com, christian.guenther@miele.com, thomas.millentrup@miele.com","NEXTCCC-MakeFolder.foldertemplate.2.csv"
"0","club@miele.co.za","1","jan-gerrit.drexhage@miele.com, christian.guenther@miele.com, thomas.millentrup@miele.com","NEXTCCC-MakeFolder.foldertemplate.2.csv"
"0","club@miele.co.za","1","jan-gerrit.drexhage@miele.com, christian.guenther@miele.com, thomas.millentrup@miele.com","NEXTCCC-MakeFolder.foldertemplate.2.csv"
"1","club@miele.pt","1","jan-gerrit.drexhage@miele.com, christian.guenther@miele.com, thomas.millentrup@miele.com","NEXTCCC-MakeFolder.foldertemplate.2.csv"
"0","club@miele.pt","1","jan-gerrit.drexhage@miele.com, christian.guenther@miele.com, thomas.millentrup@miele.com","NEXTCCC-MakeFolder.foldertemplate.2.csv"
"0","club@miele.pt","1","jan-gerrit.drexhage@miele.com, christian.guenther@miele.com, thomas.millentrup@miele.com","NEXTCCC-MakeFolder.foldertemplate.2.csv"
"0","club@miele.pt","1","jan-gerrit.drexhage@miele.com, christian.guenther@miele.com, thomas.millentrup@miele.com","NEXTCCC-MakeFolder.foldertemplate.2.csv"
"0","club@miele.pt","1","jan-gerrit.drexhage@miele.com, christian.guenther@miele.com, thomas.millentrup@miele.com","NEXTCCC-MakeFolder.foldertemplate.2.csv"
"0","club@miele.pt","1","jan-gerrit.drexhage@miele.com, christian.guenther@miele.com, thomas.millentrup@miele.com","NEXTCCC-MakeFolder.foldertemplate.2.csv"
"0","club@miele.pt","1","jan-gerrit.drexhage@miele.com, christian.guenther@miele.com, thomas.millentrup@miele.com","NEXTCCC-MakeFolder.foldertemplate.2.csv"
"0","club@miele.pt","1","jan-gerrit.drexhage@miele.com, christian.guenther@miele.com, thomas.millentrup@miele.com","NEXTCCC-MakeFolder.foldertemplate.2.csv"
"0","club@miele.pt","1","jan-gerrit.drexhage@miele.com, christian.guenther@miele.com, thomas.millentrup@miele.com","NEXTCCC-MakeFolder.foldertemplate.2.csv"
"0","club@miele.pt","1","jan-gerrit.drexhage@miele.com, christian.guenther@miele.com, thomas.millentrup@miele.com","NEXTCCC-MakeFolder.foldertemplate.2.csv"
"1","club@miele.es","1","jan-gerrit.drexhage@miele.com, christian.guenther@miele.com, thomas.millentrup@miele.com","NEXTCCC-MakeFolder.foldertemplate.2.csv"
"0","club@miele.es","1","jan-gerrit.drexhage@miele.com, christian.guenther@miele.com, thomas.millentrup@miele.com","NEXTCCC-MakeFolder.foldertemplate.2.csv"
"0","club@miele.es","1","jan-gerrit.drexhage@miele.com, christian.guenther@miele.com, thomas.millentrup@miele.com","NEXTCCC-MakeFolder.foldertemplate.2.csv"
"0","club@miele.es","1","jan-gerrit.drexhage@miele.com, christian.guenther@miele.com, thomas.millentrup@miele.com","NEXTCCC-MakeFolder.foldertemplate.2.csv"
"0","club@miele.es","1","jan-gerrit.drexhage@miele.com, christian.guenther@miele.com, thomas.millentrup@miele.com","NEXTCCC-MakeFolder.foldertemplate.2.csv"
"0","club@miele.es","1","jan-gerrit.drexhage@miele.com, christian.guenther@miele.com, thomas.millentrup@miele.com","NEXTCCC-MakeFolder.foldertemplate.2.csv"
"0","club@miele.es","1","jan-gerrit.drexhage@miele.com, christian.guenther@miele.com, thomas.millentrup@miele.com","NEXTCCC-MakeFolder.foldertemplate.2.csv"
"0","club@miele.es","1","jan-gerrit.drexhage@miele.com, christian.guenther@miele.com, thomas.millentrup@miele.com","NEXTCCC-MakeFolder.foldertemplate.2.csv"
"0","club@miele.es","1","jan-gerrit.drexhage@miele.com, christian.guenther@miele.com, thomas.millentrup@miele.com","NEXTCCC-MakeFolder.foldertemplate.2.csv"
"0","club@miele.es","1","jan-gerrit.drexhage@miele.com, christian.guenther@miele.com, thomas.millentrup@miele.com","NEXTCCC-MakeFolder.foldertemplate.2.csv"
"1","club@miele.ie","1","jan-gerrit.drexhage@miele.com, christian.guenther@miele.com, thomas.millentrup@miele.com","NEXTCCC-MakeFolder.foldertemplate.2.csv"
"0","club@miele.ie","1","jan-gerrit.drexhage@miele.com, christian.guenther@miele.com, thomas.millentrup@miele.com","NEXTCCC-MakeFolder.foldertemplate.2.csv"
"0","club@miele.ie","1","jan-gerrit.drexhage@miele.com, christian.guenther@miele.com, thomas.millentrup@miele.com","NEXTCCC-MakeFolder.foldertemplate.2.csv"
"0","club@miele.ie","1","jan-gerrit.drexhage@miele.com, christian.guenther@miele.com, thomas.millentrup@miele.com","NEXTCCC-MakeFolder.foldertemplate.2.csv"
"0","club@miele.ie","1","jan-gerrit.drexhage@miele.com, christian.guenther@miele.com, thomas.millentrup@miele.com","NEXTCCC-MakeFolder.foldertemplate.2.csv"
"0","club@miele.ie","1","jan-gerrit.drexhage@miele.com, christian.guenther@miele.com, thomas.millentrup@miele.com","NEXTCCC-MakeFolder.foldertemplate.2.csv"
"0","club@miele.ie","1","jan-gerrit.drexhage@miele.com, christian.guenther@miele.com, thomas.millentrup@miele.com","NEXTCCC-MakeFolder.foldertemplate.2.csv"
"0","club@miele.ie","1","jan-gerrit.drexhage@miele.com, christian.guenther@miele.com, thomas.millentrup@miele.com","NEXTCCC-MakeFolder.foldertemplate.2.csv"
"0","club@miele.ie","1","jan-gerrit.drexhage@miele.com, christian.guenther@miele.com, thomas.millentrup@miele.com","NEXTCCC-MakeFolder.foldertemplate.2.csv"
"0","club@miele.ie","1","jan-gerrit.drexhage@miele.com, christian.guenther@miele.com, thomas.millentrup@miele.com","NEXTCCC-MakeFolder.foldertemplate.2.csv"
"1","info@miele.co.za","1","jan-gerrit.drexhage@miele.com, christian.guenther@miele.com, thomas.millentrup@miele.com","NEXTCCC-MakeFolder.foldertemplate.2.csv"
"0","info@miele.co.za","1","jan-gerrit.drexhage@miele.com, christian.guenther@miele.com, thomas.millentrup@miele.com","NEXTCCC-MakeFolder.foldertemplate.2.csv"
"0","info@miele.co.za","1","jan-gerrit.drexhage@miele.com, christian.guenther@miele.com, thomas.millentrup@miele.com","NEXTCCC-MakeFolder.foldertemplate.2.csv"
"0","info@miele.co.za","1","jan-gerrit.drexhage@miele.com, christian.guenther@miele.com, thomas.millentrup@miele.com","NEXTCCC-MakeFolder.foldertemplate.2.csv"
"0","info@miele.co.za","1","jan-gerrit.drexhage@miele.com, christian.guenther@miele.com, thomas.millentrup@miele.com","NEXTCCC-MakeFolder.foldertemplate.2.csv"
"0","info@miele.co.za","1","jan-gerrit.drexhage@miele.com, christian.guenther@miele.com, thomas.millentrup@miele.com","NEXTCCC-MakeFolder.foldertemplate.2.csv"
"0","info@miele.co.za","1","jan-gerrit.drexhage@miele.com, christian.guenther@miele.com, thomas.millentrup@miele.com","NEXTCCC-MakeFolder.foldertemplate.2.csv"
"0","info@miele.co.za","1","jan-gerrit.drexhage@miele.com, christian.guenther@miele.com, thomas.millentrup@miele.com","NEXTCCC-MakeFolder.foldertemplate.2.csv"
"0","info@miele.co.za","1","jan-gerrit.drexhage@miele.com, christian.guenther@miele.com, thomas.millentrup@miele.com","NEXTCCC-MakeFolder.foldertemplate.2.csv"
"0","info@miele.co.za","1","jan-gerrit.drexhage@miele.com, christian.guenther@miele.com, thomas.millentrup@miele.com","NEXTCCC-MakeFolder.foldertemplate.2.csv"
"1","info@miele.es","1","jan-gerrit.drexhage@miele.com, christian.guenther@miele.com, thomas.millentrup@miele.com","NEXTCCC-MakeFolder.foldertemplate.2.csv"
"0","info@miele.es","1","jan-gerrit.drexhage@miele.com, christian.guenther@miele.com, thomas.millentrup@miele.com","NEXTCCC-MakeFolder.foldertemplate.2.csv"
"0","info@miele.es","1","jan-gerrit.drexhage@miele.com, christian.guenther@miele.com, thomas.millentrup@miele.com","NEXTCCC-MakeFolder.foldertemplate.2.csv"
"0","info@miele.es","1","jan-gerrit.drexhage@miele.com, christian.guenther@miele.com, thomas.millentrup@miele.com","NEXTCCC-MakeFolder.foldertemplate.2.csv"
"0","info@miele.es","1","jan-gerrit.drexhage@miele.com, christian.guenther@miele.com, thomas.millentrup@miele.com","NEXTCCC-MakeFolder.foldertemplate.2.csv"
"0","info@miele.es","1","jan-gerrit.drexhage@miele.com, christian.guenther@miele.com, thomas.millentrup@miele.com","NEXTCCC-MakeFolder.foldertemplate.2.csv"
"0","info@miele.es","1","jan-gerrit.drexhage@miele.com, christian.guenther@miele.com, thomas.millentrup@miele.com","NEXTCCC-MakeFolder.foldertemplate.2.csv"
"0","info@miele.es","1","jan-gerrit.drexhage@miele.com, christian.guenther@miele.com, thomas.millentrup@miele.com","NEXTCCC-MakeFolder.foldertemplate.2.csv"
"0","info@miele.es","1","jan-gerrit.drexhage@miele.com, christian.guenther@miele.com, thomas.millentrup@miele.com","NEXTCCC-MakeFolder.foldertemplate.2.csv"
"0","info@miele.es","1","jan-gerrit.drexhage@miele.com, christian.guenther@miele.com, thomas.millentrup@miele.com","NEXTCCC-MakeFolder.foldertemplate.2.csv"
"1","info@miele.ie","1","jan-gerrit.drexhage@miele.com, christian.guenther@miele.com, thomas.millentrup@miele.com","NEXTCCC-MakeFolder.foldertemplate.2.csv"
"0","info@miele.ie","1","jan-gerrit.drexhage@miele.com, christian.guenther@miele.com, thomas.millentrup@miele.com","NEXTCCC-MakeFolder.foldertemplate.2.csv"
"0","info@miele.ie","1","jan-gerrit.drexhage@miele.com, christian.guenther@miele.com, thomas.millentrup@miele.com","NEXTCCC-MakeFolder.foldertemplate.2.csv"
"0","info@miele.ie","1","jan-gerrit.drexhage@miele.com, christian.guenther@miele.com, thomas.millentrup@miele.com","NEXTCCC-MakeFolder.foldertemplate.2.csv"
"0","info@miele.ie","1","jan-gerrit.drexhage@miele.com, christian.guenther@miele.com, thomas.millentrup@miele.com","NEXTCCC-MakeFolder.foldertemplate.2.csv"
"0","info@miele.ie","1","jan-gerrit.drexhage@miele.com, christian.guenther@miele.com, thomas.millentrup@miele.com","NEXTCCC-MakeFolder.foldertemplate.2.csv"
"0","info@miele.ie","1","jan-gerrit.drexhage@miele.com, christian.guenther@miele.com, thomas.millentrup@miele.com","NEXTCCC-MakeFolder.foldertemplate.2.csv"
"0","info@miele.ie","1","jan-gerrit.drexhage@miele.com, christian.guenther@miele.com, thomas.millentrup@miele.com","NEXTCCC-MakeFolder.foldertemplate.2.csv"
"0","info@miele.ie","1","jan-gerrit.drexhage@miele.com, christian.guenther@miele.com, thomas.millentrup@miele.com","NEXTCCC-MakeFolder.foldertemplate.2.csv"
"0","info@miele.ie","1","jan-gerrit.drexhage@miele.com, christian.guenther@miele.com, thomas.millentrup@miele.com","NEXTCCC-MakeFolder.foldertemplate.2.csv"
"1","info@miele.pt","1","jan-gerrit.drexhage@miele.com, christian.guenther@miele.com, thomas.millentrup@miele.com","NEXTCCC-MakeFolder.foldertemplate.2.csv"
"0","info@miele.pt","1","jan-gerrit.drexhage@miele.com, christian.guenther@miele.com, thomas.millentrup@miele.com","NEXTCCC-MakeFolder.foldertemplate.2.csv"
"0","info@miele.pt","1","jan-gerrit.drexhage@miele.com, christian.guenther@miele.com, thomas.millentrup@miele.com","NEXTCCC-MakeFolder.foldertemplate.2.csv"
"0","info@miele.pt","1","jan-gerrit.drexhage@miele.com, christian.guenther@miele.com, thomas.millentrup@miele.com","NEXTCCC-MakeFolder.foldertemplate.2.csv"
"0","info@miele.pt","1","jan-gerrit.drexhage@miele.com, christian.guenther@miele.com, thomas.millentrup@miele.com","NEXTCCC-MakeFolder.foldertemplate.2.csv"
"0","info@miele.pt","1","jan-gerrit.drexhage@miele.com, christian.guenther@miele.com, thomas.millentrup@miele.com","NEXTCCC-MakeFolder.foldertemplate.2.csv"
"0","info@miele.pt","1","jan-gerrit.drexhage@miele.com, christian.guenther@miele.com, thomas.millentrup@miele.com","NEXTCCC-MakeFolder.foldertemplate.2.csv"
"0","info@miele.pt","1","jan-gerrit.drexhage@miele.com, christian.guenther@miele.com, thomas.millentrup@miele.com","NEXTCCC-MakeFolder.foldertemplate.2.csv"
"0","info@miele.pt","1","jan-gerrit.drexhage@miele.com, christian.guenther@miele.com, thomas.millentrup@miele.com","NEXTCCC-MakeFolder.foldertemplate.2.csv"
"0","info@miele.pt","1","jan-gerrit.drexhage@miele.com, christian.guenther@miele.com, thomas.millentrup@miele.com","NEXTCCC-MakeFolder.foldertemplate.2.csv"
