"active","MailboxSMTP","AutoDAddress","Folderpath","enforce","NotifySMTP"
"1","frank.carius.ext@miele.com","","\test1\sub11",,"frank.carius.ext@miele.de"
"1","frank.carius.ext@miele.com","","\test1\sub12",,"frank.carius.ext@miele.de"
"1","frank.carius.ext@miele.com","","\test2\sub11",,"frank.carius.ext@miele.de"
"1","frank.carius.ext@miele.com","","\test2\sub21\sub212","1","frank.carius.ext@miele.de"
"1","frank.carius.ext@miele.com","","\test2\sub22\sub222","1","frank.carius.ext@miele.de"
"1","frank.carius.ext@miele.com","","\01_01 in process","1","frank.carius.ext@miele.de"
"1","frank.carius.ext@miele.com","","\01_02 completed","1","frank.carius.ext@miele.de"
"1","dmarc@miele.com","","\04 Information Request\04_01 in process","1","frank.carius.ext@miele.de"
"1","dmarc@miele.com","","\01_01 in process","1","frank.carius.ext@miele.de"
"1","dmarc@miele.com","","\01_02 completed","1","jan-gerrit.drexhage@miele.com"
"1","dmarc@miele.com","","\04 Information Request\04_01 in process","1","jan-gerrit.drexhage@miele.com, frank.carius.ext@miele.de"
"1","dmarc@miele.com","","\1\1\1\1\1\1\1\1\1\1\1\1\1\1\1\1\1\1\1\1","1","jan-gerrit.drexhage@miele.com, frank.carius.ext@miele.de"

"","Info@miele.ch","","\TEXTXX\done",,"jan-gerrit.drexhage@miele.com, christian.guenther@miele.com, thomas.millentrup@miele.com"
"","Info@miele.ch","","\TEXTXX\test",,"jan-gerrit.drexhage@miele.com, christian.guenther@miele.com, thomas.millentrup@miele.com"
"","Info@miele.no","","\TEXTXX\folderdone",,"jan-gerrit.drexhage@miele.com, christian.guenther@miele.com, thomas.millentrup@miele.com"
"","Info@miele.fi","asiakaspalvelu@miele.fi","\TEXTXX\done",,"jan-gerrit.drexhage@miele.com, christian.guenther@miele.com, thomas.millentrup@miele.com"
"","Info@miele.se","","\TEXTXX\done",,"jan-gerrit.drexhage@miele.com, christian.guenther@miele.com, thomas.millentrup@miele.com"
"","Info@miele.dk","","\TEXTXX\done",,"jan-gerrit.drexhage@miele.com, christian.guenther@miele.com, thomas.millentrup@miele.com"
"","Info@miele.be","","\TEXTXX\done",,"jan-gerrit.drexhage@miele.com, christian.guenther@miele.com, thomas.millentrup@miele.com"
"","Info@miele.lu","infolux@miele.lu","\TEXTXX\done",,"jan-gerrit.drexhage@miele.com, christian.guenther@miele.com, thomas.millentrup@miele.com"
"","Info@miele.nl","","\TEXTXX\done",,"jan-gerrit.drexhage@miele.com, christian.guenther@miele.com, thomas.millentrup@miele.com"
"","Test.next-b2c@miele.de","","\TEXTXX\done",,"jan-gerrit.drexhage@miele.com"
"","Test.next-b2b@miele.de","","\TEXTXX\done",,"jan-gerrit.drexhage@miele.com"

"","domesticservice@miele.es","","\01_01 in process","","jan-gerrit.drexhage@miele.com, christian.guenther@miele.com, thomas.millentrup@miele.com"
"","domesticservice@miele.es","","\01_02 completed","","jan-gerrit.drexhage@miele.com, christian.guenther@miele.com, thomas.millentrup@miele.com"
"","atenciondistribuidor@miele.es","","\01_01 in process","","jan-gerrit.drexhage@miele.com, christian.guenther@miele.com, thomas.millentrup@miele.com"
"","atenciondistribuidor@miele.es","","\01_02 completed","","jan-gerrit.drexhage@miele.com, christian.guenther@miele.com, thomas.millentrup@miele.com"
"","professional@miele.es","","\01_01 in process","","jan-gerrit.drexhage@miele.com, christian.guenther@miele.com, thomas.millentrup@miele.com"
"","professional@miele.es","","\01_02 completed","","jan-gerrit.drexhage@miele.com, christian.guenther@miele.com, thomas.millentrup@miele.com"
"","professionalservice@miele.es","","\01_01 in process","","jan-gerrit.drexhage@miele.com, christian.guenther@miele.com, thomas.millentrup@miele.com"
"","professionalservice@miele.es","","\01_02 completed","","jan-gerrit.drexhage@miele.com, christian.guenther@miele.com, thomas.millentrup@miele.com"
"","proyectos@miele.es","","\01_01 in process","","jan-gerrit.drexhage@miele.com, christian.guenther@miele.com, thomas.millentrup@miele.com"
"","proyectos@miele.es","","\01_02 completed","","jan-gerrit.drexhage@miele.com, christian.guenther@miele.com, thomas.millentrup@miele.com"
"","professionalcontracts@miele.pt","","\01_01 in process","","jan-gerrit.drexhage@miele.com, christian.guenther@miele.com, thomas.millentrup@miele.com"
"","professionalcontracts@miele.pt","","\01_02 completed","","jan-gerrit.drexhage@miele.com, christian.guenther@miele.com, thomas.millentrup@miele.com"
"","domesticsales@miele.pt","","\01_01 in process","","jan-gerrit.drexhage@miele.com, christian.guenther@miele.com, thomas.millentrup@miele.com"
"","domesticsales@miele.pt","","\01_02 completed","","jan-gerrit.drexhage@miele.com, christian.guenther@miele.com, thomas.millentrup@miele.com"
"","professionalservice@miele.pt","","\01_01 in process","","jan-gerrit.drexhage@miele.com, christian.guenther@miele.com, thomas.millentrup@miele.com"
"","professionalservice@miele.pt","","\01_02 completed","","jan-gerrit.drexhage@miele.com, christian.guenther@miele.com, thomas.millentrup@miele.com"
"","domesticprojects@miele.pt","","\01_01 in process","","jan-gerrit.drexhage@miele.com, christian.guenther@miele.com, thomas.millentrup@miele.com"
"","domesticprojects@miele.pt","","\01_02 completed","","jan-gerrit.drexhage@miele.com, christian.guenther@miele.com, thomas.millentrup@miele.com"
"","professionalcontracts@miele.pt","","\01_01 in process","","jan-gerrit.drexhage@miele.com, christian.guenther@miele.com, thomas.millentrup@miele.com"
"","professionalcontracts@miele.pt","","\01_02 completed","","jan-gerrit.drexhage@miele.com, christian.guenther@miele.com, thomas.millentrup@miele.com"
"","domesticservice@miele.pt","","\01_01 in process","","jan-gerrit.drexhage@miele.com, christian.guenther@miele.com, thomas.millentrup@miele.com"
"","domesticservice@miele.pt","","\01_02 completed","","jan-gerrit.drexhage@miele.com, christian.guenther@miele.com, thomas.millentrup@miele.com"
"1","domesticservice@miele.ie","","\01_01 in process","1","jan-gerrit.drexhage@miele.com, christian.guenther@miele.com, thomas.millentrup@miele.com"
"1","domesticservice@miele.ie","","\01_02 completed","1","jan-gerrit.drexhage@miele.com, christian.guenther@miele.com, thomas.millentrup@miele.com"
"1","domesticsales@miele.ie","","\01_01 in process","1","jan-gerrit.drexhage@miele.com, christian.guenther@miele.com, thomas.millentrup@miele.com"
"1","domesticsales@miele.ie","","\01_02 completed","1","jan-gerrit.drexhage@miele.com, christian.guenther@miele.com, thomas.millentrup@miele.com"
"1","professional@miele.ie","","\01_01 in process","1","jan-gerrit.drexhage@miele.com, christian.guenther@miele.com, thomas.millentrup@miele.com"
"1","professional@miele.ie","","\01_02 completed","1","jan-gerrit.drexhage@miele.com, christian.guenther@miele.com, thomas.millentrup@miele.com"
"1","professionalcontracts@miele.ie","","\01_01 in process","1","jan-gerrit.drexhage@miele.com, christian.guenther@miele.com, thomas.millentrup@miele.com"
"1","professionalcontracts@miele.ie","","\01_02 completed","1","jan-gerrit.drexhage@miele.com, christian.guenther@miele.com, thomas.millentrup@miele.com"
"1","domesticprojects@miele.ie","","\01_01 in process","1","jan-gerrit.drexhage@miele.com, christian.guenther@miele.com, thomas.millentrup@miele.com"
"1","domesticprojects@miele.ie","","\01_02 completed","1","jan-gerrit.drexhage@miele.com, christian.guenther@miele.com, thomas.millentrup@miele.com"
"","professional@miele.co.za","","\01_01 in process","","jan-gerrit.drexhage@miele.com, christian.guenther@miele.com, thomas.millentrup@miele.com"
"","professional@miele.co.za","","\01_02 completed","","jan-gerrit.drexhage@miele.com, christian.guenther@miele.com, thomas.millentrup@miele.com"
"","domesticservice@miele.co.za","","\01_01 in process","","jan-gerrit.drexhage@miele.com, christian.guenther@miele.com, thomas.millentrup@miele.com"
"","domesticservice@miele.co.za","","\01_02 completed","","jan-gerrit.drexhage@miele.com, christian.guenther@miele.com, thomas.millentrup@miele.com"
"","domesticsales@miele.co.za","","\01_01 in process","","jan-gerrit.drexhage@miele.com, christian.guenther@miele.com, thomas.millentrup@miele.com"
"","domesticsales@miele.co.za","","\01_02 completed","","jan-gerrit.drexhage@miele.com, christian.guenther@miele.com, thomas.millentrup@miele.com"
"","club@miele.co.za","","\01 Service Request","","01_01 in process","","jan-gerrit.drexhage@miele.com, christian.guenther@miele.com, thomas.millentrup@miele.com"
"","club@miele.co.za","","\01 Service Request","","01_02 completed","","jan-gerrit.drexhage@miele.com, christian.guenther@miele.com, thomas.millentrup@miele.com"
"","club@miele.co.za","","\02 Sales Request - Appliances\02_01 in process","","jan-gerrit.drexhage@miele.com, christian.guenther@miele.com, thomas.millentrup@miele.com"
"","club@miele.co.za","","\02 Sales Request - Appliances\02_02 completed","","jan-gerrit.drexhage@miele.com, christian.guenther@miele.com, thomas.millentrup@miele.com"
"","club@miele.co.za","","\03 Sales Request - Spare Parts\03_01 in process","","jan-gerrit.drexhage@miele.com, christian.guenther@miele.com, thomas.millentrup@miele.com"
"","club@miele.co.za","","\03 Sales Request - Spare Parts\03_02 completed","","jan-gerrit.drexhage@miele.com, christian.guenther@miele.com, thomas.millentrup@miele.com"
"","club@miele.co.za","","\04 Information Request\04_01 in process","","jan-gerrit.drexhage@miele.com, christian.guenther@miele.com, thomas.millentrup@miele.com"
"","club@miele.co.za","","\04 Information Request\04_02 completed","","jan-gerrit.drexhage@miele.com, christian.guenther@miele.com, thomas.millentrup@miele.com"
"","club@miele.co.za","","\05 Feedback_Others (Complaint, Compliments)\05_01 in process","","jan-gerrit.drexhage@miele.com, christian.guenther@miele.com, thomas.millentrup@miele.com"
"","club@miele.co.za","","\05 Feedback_Others (Complaint, Compliments)\05_02 completed","","jan-gerrit.drexhage@miele.com, christian.guenther@miele.com, thomas.millentrup@miele.com"
"","club@miele.pt","","\01 Service Request\01_01 in process","","jan-gerrit.drexhage@miele.com, christian.guenther@miele.com, thomas.millentrup@miele.com"
"","club@miele.pt","","\01 Service Request\01_02 completed","","jan-gerrit.drexhage@miele.com, christian.guenther@miele.com, thomas.millentrup@miele.com"
"","club@miele.pt","","\02 Sales Request - Appliances\02_01 in process","","jan-gerrit.drexhage@miele.com, christian.guenther@miele.com, thomas.millentrup@miele.com"
"","club@miele.pt","","\02 Sales Request - Appliances","","02_02 completed","","jan-gerrit.drexhage@miele.com, christian.guenther@miele.com, thomas.millentrup@miele.com"
"","club@miele.pt","","\03 Sales Request - Spare Parts\03_01 in process","","jan-gerrit.drexhage@miele.com, christian.guenther@miele.com, thomas.millentrup@miele.com"
"","club@miele.pt","","\03 Sales Request - Spare Parts\03_02 completed","","jan-gerrit.drexhage@miele.com, christian.guenther@miele.com, thomas.millentrup@miele.com"
"","club@miele.pt","","\04 Information Request\04_01 in process","","jan-gerrit.drexhage@miele.com, christian.guenther@miele.com, thomas.millentrup@miele.com"
"","club@miele.pt","","\04 Information Request\04_02 completed","","jan-gerrit.drexhage@miele.com, christian.guenther@miele.com, thomas.millentrup@miele.com"
"","club@miele.pt","","\05 Feedback_Others (Complaint, Compliments)\05_01 in process","","jan-gerrit.drexhage@miele.com, christian.guenther@miele.com, thomas.millentrup@miele.com"
"","club@miele.pt","","\05 Feedback_Others (Complaint, Compliments)\05_02 completed","","jan-gerrit.drexhage@miele.com, christian.guenther@miele.com, thomas.millentrup@miele.com"
"","club@miele.es","","\01 Service Request\01_01 in process","","jan-gerrit.drexhage@miele.com, christian.guenther@miele.com, thomas.millentrup@miele.com"
"","club@miele.es","","\01 Service Request","","01_02 completed","","jan-gerrit.drexhage@miele.com, christian.guenther@miele.com, thomas.millentrup@miele.com"
"","club@miele.es","","\02 Sales Request - Appliances\02_01 in process","","jan-gerrit.drexhage@miele.com, christian.guenther@miele.com, thomas.millentrup@miele.com"
"","club@miele.es","","\02 Sales Request - Appliances\02_02 completed","","jan-gerrit.drexhage@miele.com, christian.guenther@miele.com, thomas.millentrup@miele.com"
"","club@miele.es","","\03 Sales Request - Spare Parts\03_01 in process","","jan-gerrit.drexhage@miele.com, christian.guenther@miele.com, thomas.millentrup@miele.com"
"","club@miele.es","","\03 Sales Request - Spare Parts\03_02 completed","","jan-gerrit.drexhage@miele.com, christian.guenther@miele.com, thomas.millentrup@miele.com"
"","club@miele.es","","\04 Information Request\04_01 in process","","jan-gerrit.drexhage@miele.com, christian.guenther@miele.com, thomas.millentrup@miele.com"
"","club@miele.es","","\04 Information Request\04_02 completed","","jan-gerrit.drexhage@miele.com, christian.guenther@miele.com, thomas.millentrup@miele.com"
"","club@miele.es","","\05 Feedback_Others (Complaint, Compliments)\05_01 in process","","jan-gerrit.drexhage@miele.com, christian.guenther@miele.com, thomas.millentrup@miele.com"
"","club@miele.es","","\\05 Feedback_Others (Complaint, Compliments)\05_02 completed","","jan-gerrit.drexhage@miele.com, christian.guenther@miele.com, thomas.millentrup@miele.com"
"1","club@miele.ie","","\01 Service Request\01_01 in process","1","jan-gerrit.drexhage@miele.com, christian.guenther@miele.com, thomas.millentrup@miele.com"
"1","club@miele.ie","","\01 Service Request\01_02 completed","1","jan-gerrit.drexhage@miele.com, christian.guenther@miele.com, thomas.millentrup@miele.com"
"1","club@miele.ie","","\02 Sales Request - Appliances\02_01 in process","1","jan-gerrit.drexhage@miele.com, christian.guenther@miele.com, thomas.millentrup@miele.com"
"1","club@miele.ie","","\02 Sales Request - Appliances\02_02 completed","1","jan-gerrit.drexhage@miele.com, christian.guenther@miele.com, thomas.millentrup@miele.com"
"1","club@miele.ie","","\03 Sales Request - Spare Parts\03_01 in process","1","jan-gerrit.drexhage@miele.com, christian.guenther@miele.com, thomas.millentrup@miele.com"
"1","club@miele.ie","","\03 Sales Request - Spare Parts\03_02 completed","1","jan-gerrit.drexhage@miele.com, christian.guenther@miele.com, thomas.millentrup@miele.com"
"1","club@miele.ie","","\04 Information Request\04_01 in process","1","jan-gerrit.drexhage@miele.com, christian.guenther@miele.com, thomas.millentrup@miele.com"
"1","club@miele.ie","","\04 Information Request\04_02 completed","1","jan-gerrit.drexhage@miele.com, christian.guenther@miele.com, thomas.millentrup@miele.com"
"1","club@miele.ie","","\05 Feedback_Others\05_01 in process","1","jan-gerrit.drexhage@miele.com, christian.guenther@miele.com, thomas.millentrup@miele.com"
"1","club@miele.ie","","\05 Feedback_Others\05_02 completed","1","jan-gerrit.drexhage@miele.com, christian.guenther@miele.com, thomas.millentrup@miele.com"
