"Folderpath","enforce","isopen"
"\01 Service Request\01_01 in process","1","1"
"\01 Service Request\01_02 completed","1","0"
"\02 Sales Request - Appliances\02_01 in process","1","1"
"\02 Sales Request - Appliances\02_02 completed","1","0"
"\03 Sales Request - Spare Parts\03_01 in process","1","1"
"\03 Sales Request - Spare Parts\03_02 completed","1","0"
"\04 Information Request\04_01 in process","1","1"
"\04 Information Request\04_02 completed","1","0"
"\05 Feedback_Others (Complaint, Compliments)\05_01 in process","1","1"
"\05 Feedback_Others (Complaint, Compliments)\05_02 completed","1","0"
