"active","MailboxSMTP","AutoDAddress","Folderpath","enforce","NotifySMTP"
"","frank.carius.ext@miele.com","","\test1\sub11",,"frank.carius.ext@miele.de"
"","frank.carius.ext@miele.com","","\test1\sub12",,"frank.carius.ext@miele.de"
"","frank.carius.ext@miele.com","","\test2\sub11",,"frank.carius.ext@miele.de"
"","frank.carius.ext@miele.com","","\test2\sub21\sub212","1","frank.carius.ext@miele.de"
"","frank.carius.ext@miele.com","","\test2\sub22\sub222","1","frank.carius.ext@miele.de"
"","frank.carius.ext@miele.com","","\01_01 in process","1","frank.carius.ext@miele.de"
"","frank.carius.ext@miele.com","","\01_02 completed","1","frank.carius.ext@miele.de"
"","dmarc@miele.com","","\04 Information Request\04_01 in process","1","frank.carius.ext@miele.de"
"","dmarc@miele.com","","\01_01 in process","1","frank.carius.ext@miele.de"
"","dmarc@miele.com","","\01_02 completed","1","jan-gerrit.drexhage@miele.com"
"","dmarc@miele.com","","\04 Information Request\04_01 in process","1","jan-gerrit.drexhage@miele.com"
"","dmarc@miele.com","","\1\1\1\1\1\1\1\1\1\1\1\1\1\1\1\1\1\1\1\1","1","jan-gerrit.drexhage@miele.com"
"","domesticservice@miele.es","","\01_01 in process","","frank.carius.ext@miele.de"
"","domesticservice@miele.es","","\01_02 completed","","frank.carius.ext@miele.de"
"","atenciondistribuidor@miele.es","","\01_01 in process","","frank.carius.ext@miele.de"
"","atenciondistribuidor@miele.es","","\01_02 completed","","frank.carius.ext@miele.de"
"","professional@miele.es","","\01_01 in process","","frank.carius.ext@miele.de"
"","professional@miele.es","","\01_02 completed","","frank.carius.ext@miele.de"
"","professionalservice@miele.es","","\01_01 in process","","frank.carius.ext@miele.de"
"","professionalservice@miele.es","","\01_02 completed","","frank.carius.ext@miele.de"
"","proyectos@miele.es","","\01_01 in process","","frank.carius.ext@miele.de"
"","proyectos@miele.es","","\01_02 completed","","frank.carius.ext@miele.de"
"","professionalcontracts@miele.pt","","\01_01 in process","","frank.carius.ext@miele.de"
"","professionalcontracts@miele.pt","","\01_02 completed","","frank.carius.ext@miele.de"
"","domesticsales@miele.pt","","\01_01 in process","","frank.carius.ext@miele.de"
"","domesticsales@miele.pt","","\01_02 completed","","frank.carius.ext@miele.de"
"","professionalservice@miele.pt","","\01_01 in process","","frank.carius.ext@miele.de"
"","professionalservice@miele.pt","","\01_02 completed","","frank.carius.ext@miele.de"
"","domesticprojects@miele.pt","","\01_01 in process","","frank.carius.ext@miele.de"
"","domesticprojects@miele.pt","","\01_02 completed","","frank.carius.ext@miele.de"
"","professionalcontracts@miele.pt","","\01_01 in process","","frank.carius.ext@miele.de"
"","professionalcontracts@miele.pt","","\01_02 completed","","frank.carius.ext@miele.de"
"","domesticservice@miele.pt","","\01_01 in process","","frank.carius.ext@miele.de"
"","domesticservice@miele.pt","","\01_02 completed","","frank.carius.ext@miele.de"
"","domesticservice@miele.ie","","\01_01 in process","","frank.carius.ext@miele.de"
"","domesticservice@miele.ie","","\01_02 completed","","frank.carius.ext@miele.de"
"","domesticsales@miele.ie","","\01_01 in process","","frank.carius.ext@miele.de"
"","domesticsales@miele.ie","","\01_02 completed","","frank.carius.ext@miele.de"
"","professional@miele.ie","","\01_01 in process","","frank.carius.ext@miele.de"
"","professional@miele.ie","","\01_02 completed","","frank.carius.ext@miele.de"
"","professionalcontracts@miele.ie","","\01_01 in process","","frank.carius.ext@miele.de"
"","professionalcontracts@miele.ie","","\01_02 completed","","frank.carius.ext@miele.de"
"","domesticprojects@miele.ie","","\01_01 in process","","frank.carius.ext@miele.de"
"","domesticprojects@miele.ie","","\01_02 completed","","frank.carius.ext@miele.de"
"","professional@miele.co.za","","\01_01 in process","","frank.carius.ext@miele.de"
"","professional@miele.co.za","","\01_02 completed","","frank.carius.ext@miele.de"
"","domesticservice@miele.co.za","","\01_01 in process","","frank.carius.ext@miele.de"
"","domesticservice@miele.co.za","","\01_02 completed","","frank.carius.ext@miele.de"
"","domesticsales@miele.co.za","","\01_01 in process","","frank.carius.ext@miele.de"
"","domesticsales@miele.co.za","","\01_02 completed","","frank.carius.ext@miele.de"
"","club@miele.co.za","","\01 Service Request","","01_01 in process","","frank.carius.ext@miele.de"
"","club@miele.co.za","","\01 Service Request","","01_02 completed","","frank.carius.ext@miele.de"
"","club@miele.co.za","","\02 Sales Request - Appliances\02_01 in process","","frank.carius.ext@miele.de"
"","club@miele.co.za","","\02 Sales Request - Appliances\02_02 completed","","frank.carius.ext@miele.de"
"","club@miele.co.za","","\03 Sales Request - Spare Parts\03_01 in process","","frank.carius.ext@miele.de"
"","club@miele.co.za","","\03 Sales Request - Spare Parts\03_02 completed","","frank.carius.ext@miele.de"
"","club@miele.co.za","","\04 Information Request\04_01 in process","","frank.carius.ext@miele.de"
"","club@miele.co.za","","\04 Information Request\04_02 completed","","frank.carius.ext@miele.de"
"","club@miele.co.za","","\05 Feedback_Others (Complaint, Compliments)\05_01 in process","","frank.carius.ext@miele.de"
"","club@miele.co.za","","\05 Feedback_Others (Complaint, Compliments)\05_02 completed","","frank.carius.ext@miele.de"
"","club@miele.pt","","\01 Service Request\01_01 in process","","frank.carius.ext@miele.de"
"","club@miele.pt","","\01 Service Request\01_02 completed","","frank.carius.ext@miele.de"
"","club@miele.pt","","\02 Sales Request - Appliances\02_01 in process","","frank.carius.ext@miele.de"
"","club@miele.pt","","\02 Sales Request - Appliances","","02_02 completed","","frank.carius.ext@miele.de"
"","club@miele.pt","","\03 Sales Request - Spare Parts\03_01 in process","","frank.carius.ext@miele.de"
"","club@miele.pt","","\03 Sales Request - Spare Parts\03_02 completed","","frank.carius.ext@miele.de"
"","club@miele.pt","","\04 Information Request\04_01 in process","","frank.carius.ext@miele.de"
"","club@miele.pt","","\04 Information Request\04_02 completed","","frank.carius.ext@miele.de"
"","club@miele.pt","","\05 Feedback_Others (Complaint, Compliments)\05_01 in process","","frank.carius.ext@miele.de"
"","club@miele.pt","","\05 Feedback_Others (Complaint, Compliments)\05_02 completed","","frank.carius.ext@miele.de"
"","club@miele.es","","\01 Service Request\01_01 in process","","frank.carius.ext@miele.de"
"","club@miele.es","","\01 Service Request","","01_02 completed","","frank.carius.ext@miele.de"
"","club@miele.es","","\02 Sales Request - Appliances\02_01 in process","","frank.carius.ext@miele.de"
"","club@miele.es","","\02 Sales Request - Appliances\02_02 completed","","frank.carius.ext@miele.de"
"","club@miele.es","","\03 Sales Request - Spare Parts\03_01 in process","","frank.carius.ext@miele.de"
"","club@miele.es","","\03 Sales Request - Spare Parts\03_02 completed","","frank.carius.ext@miele.de"
"","club@miele.es","","\04 Information Request\04_01 in process","","frank.carius.ext@miele.de"
"","club@miele.es","","\04 Information Request\04_02 completed","","frank.carius.ext@miele.de"
"","club@miele.es","","\05 Feedback_Others (Complaint, Compliments)\05_01 in process","","frank.carius.ext@miele.de"
"","club@miele.es","","\\05 Feedback_Others (Complaint, Compliments)\05_02 completed","","frank.carius.ext@miele.de"
"","club@miele.ie","","\01 Service Request\01_01 in process","","frank.carius.ext@miele.de"
"","club@miele.ie","","\01 Service Request\01_02 completed","","frank.carius.ext@miele.de"
"","club@miele.ie","","\02 Sales Request - Appliances\02_01 in process","","frank.carius.ext@miele.de"
"","club@miele.ie","","\02 Sales Request - Appliances\02_02 completed","","frank.carius.ext@miele.de"
"","club@miele.ie","","\03 Sales Request - Spare Parts\03_01 in process","","frank.carius.ext@miele.de"
"","club@miele.ie","","\03 Sales Request - Spare Parts\03_02 completed","","frank.carius.ext@miele.de"
"","club@miele.ie","","\04 Information Request\04_01 in process","","frank.carius.ext@miele.de"
"","club@miele.ie","","\04 Information Request\04_02 completed","","frank.carius.ext@miele.de"
"","club@miele.ie","","\05 Feedback_Others\05_01 in process","","frank.carius.ext@miele.de"
"","club@miele.ie","","\05 Feedback_Others\05_02 completed","","frank.carius.ext@miele.de"
