"active","MailboxSMTP","reportadditionalfolders","NotifySMTP","templatefile"
"1","Test.next-b2c@miele.de","1","jan-gerrit.drexhage@miele.com, christian.guenther@miele.com, thomas.millentrup@miele.com","NEXTCCC-MakeFolder.foldertemplate.b2c.csv"
"1","Test.next-b2b@miele.de","1","jan-gerrit.drexhage@miele.com, christian.guenther@miele.com, thomas.millentrup@miele.com","NEXTCCC-MakeFolder.foldertemplate.b2b.csv"
"0","domesticservice@miele.es","1","jan-gerrit.drexhage@miele.com, christian.guenther@miele.com, thomas.millentrup@miele.com","NEXTCCC-MakeFolder.foldertemplate.domesticservice.csv"
"0","professional@miele.es","1","jan-gerrit.drexhage@miele.com, christian.guenther@miele.com, thomas.millentrup@miele.com","NEXTCCC-MakeFolder.foldertemplate.professional.csv"
"0","professionalservice@miele.es","1","jan-gerrit.drexhage@miele.com, christian.guenther@miele.com, thomas.millentrup@miele.com","NEXTCCC-MakeFolder.foldertemplate.professionalservice.csv"
