"active","MailboxSMTP","AutoDAddress"
"1","Info@miele.ch",""
"1","Info@miele.no",""
"1","Info@miele.fi","asiakaspalvelu@miele.fi"
"1","Info@miele.se",""
"1","Info@miele.dk",""
"1","Info@miele.be",""
"1","Info@miele.lu","infolux@miele.lu"
"1","Info@miele.nl",""
"1","Test.next-b2c@miele.de",""
"","domesticservice@miele.es",""
"","atenciondistribuidor@miele.es",""
"","professional@miele.es",""
"","professionalservice@miele.es",""
"","proyectos@miele.es",""
"","professionalcontracts@miele.pt",""
"","domesticsales@miele.pt",""
"","professionalservice@miele.pt",""
"","domesticprojects@miele.pt",""
"","professionalcontracts@miele.pt",""
"","domesticservice@miele.pt",""
"","domesticservice@miele.ie",""
"","domesticsales@miele.ie",""
"","professional@miele.ie",""
"","professionalcontracts@miele.ie",""
"","domesticprojects@miele.ie",""
"","professional@miele.co.za",""
"","domesticservice@miele.co.za",""
"","domesticsales@miele.co.za",""
"","club@miele.co.za",""
"","club@miele.pt",""
"","club@miele.es",""
"","club@miele.ie",""
