"active","MailboxSMTP","AutoDAddress"
"1","Info@miele.ch",""
"1","Info@miele.co.za",""
"1","Info@miele.no",""
"1","Info@miele.fi","asiakaspalvelu@miele.fi"
"1","Info@miele.se",""
"1","Info@miele.dk",""
"1","Info@miele.be",""
"1","Info@miele.lu","infolux@miele.lu"
"1","Info@miele.nl",""
"1","club@miele.co.za",""
"1","club@miele.pt",""
"1","club@miele.es",""
"1","club@miele.ie",""
"1","Test.next-b2c@miele.de",""
"1","domesticprojects@miele.pt",""
"1","domesticprojects@miele.ie",""
"1","domesticservice@miele.es",""
"1","domesticservice@miele.pt",""
"1","domesticservice@miele.ie",""
"1","domesticservice@miele.co.za",""
"1","domesticsales@miele.pt",""
"1","domesticsales@miele.ie",""
"1","domesticsales@miele.co.za",""
"1","professional@miele.co.za",""
"1","professional@miele.es",""
"1","professional@miele.ie",""
"1","professional@miele.pt",""
"","professionalservice@miele.ie",""
"1","professionalservice@miele.pt",""
"1","professionalservice@miele.es",""
"1","professionalcontracts@miele.pt",""
"1","professionalcontracts@miele.es",""
"1","professionalcontracts@miele.ie",""
"1","atenciondistribuidor@miele.es",""
"1","proyectos@miele.es",""











