"active","MailboxSMTP","Folderpath","enforce","reportadditionalfolders","NotifySMTP","templatefile"

"0","frank.carius.ext@miele.com","\test1\sub11","","1","frank.carius.ext@miele.de","NEXTCCC-MakeFolder.foldertemplate.fc.csv"
"0","frank.carius.ext@miele.com","\test1\sub12","","1","frank.carius.ext@miele.de","NEXTCCC-MakeFolder.foldertemplate.fc.csv"
"0","frank.carius.ext@miele.com","\test2\sub11","","1","frank.carius.ext@miele.de","NEXTCCC-MakeFolder.foldertemplate.fc.csv"
"0","frank.carius.ext@miele.com","\test2\sub21\sub212","1","1","frank.carius.ext@miele.de","NEXTCCC-MakeFolder.foldertemplate.fc.csv"
"0","frank.carius.ext@miele.com","\test2\sub22\sub222","1","1","frank.carius.ext@miele.de","NEXTCCC-MakeFolder.foldertemplate.fc.csv"
"0","frank.carius.ext@miele.com","\01_01 in process","1","1","frank.carius.ext@miele.de","NEXTCCC-MakeFolder.foldertemplate.fc.csv"
"0","frank.carius.ext@miele.com","\01_02 completed","1","1","frank.carius.ext@miele.de","NEXTCCC-MakeFolder.foldertemplate.fc.csv"
"0","dmarc@miele.com","\04 Information Request\04_01 in process","1","1","frank.carius.ext@miele.de","NEXTCCC-MakeFolder.foldertemplate.dmarc.csv"
"0","dmarc@miele.com","\01_01 in process","1","1","frank.carius.ext@miele.de","NEXTCCC-MakeFolder.foldertemplate.dmarc.csv"
"0","dmarc@miele.com","\01_02 completed","1","1","jan-gerrit.drexhage@miele.com","NEXTCCC-MakeFolder.foldertemplate.dmarc.csv"
"0","dmarc@miele.com","\04 Information Request\04_01 in process","1","1","jan-gerrit.drexhage@miele.com, frank.carius.ext@miele.de","NEXTCCC-MakeFolder.foldertemplate.dmarc.csv"
"0","dmarc@miele.com","\1\1\1\1\1\1\1\1\1\1\1\1\1\1\1\1\1\1\1\1","1","1","jan-gerrit.drexhage@miele.com, frank.carius.ext@miele.de","NEXTCCC-MakeFolder.foldertemplate.dmarc.csv"

"0","Test.next-b2c@miele.de","\TEXTXX\done","","1","jan-gerrit.drexhage@miele.com","NEXTCCC-MakeFolder.foldertemplate.test.csv"
"0","Test.next-b2b@miele.de","\TEXTXX\done","","1","jan-gerrit.drexhage@miele.com","NEXTCCC-MakeFolder.foldertemplate.test.csv"

"1","domesticservice@miele.es","\01_01 in process","1","1","jan-gerrit.drexhage@miele.com, christian.guenther@miele.com, thomas.millentrup@miele.com","NEXTCCC-MakeFolder.foldertemplate.1.csv"
"0","domesticservice@miele.es","\01_02 completed","1","1","jan-gerrit.drexhage@miele.com, christian.guenther@miele.com, thomas.millentrup@miele.com","NEXTCCC-MakeFolder.foldertemplate.1.csv"
"1","atenciondistribuidor@miele.es","\01_01 in process","1","1","jan-gerrit.drexhage@miele.com, christian.guenther@miele.com, thomas.millentrup@miele.com","NEXTCCC-MakeFolder.foldertemplate.1.csv"
"0","atenciondistribuidor@miele.es","\01_02 completed","1","1","jan-gerrit.drexhage@miele.com, christian.guenther@miele.com, thomas.millentrup@miele.com","NEXTCCC-MakeFolder.foldertemplate.1.csv"
"1","professional@miele.es","\01_01 in process","1","1","jan-gerrit.drexhage@miele.com, christian.guenther@miele.com, thomas.millentrup@miele.com","NEXTCCC-MakeFolder.foldertemplate.1.csv"
"0","professional@miele.es","\01_02 completed","1","1","jan-gerrit.drexhage@miele.com, christian.guenther@miele.com, thomas.millentrup@miele.com","NEXTCCC-MakeFolder.foldertemplate.1.csv"
"1","professionalservice@miele.es","\01_01 in process","1","1","jan-gerrit.drexhage@miele.com, christian.guenther@miele.com, thomas.millentrup@miele.com","NEXTCCC-MakeFolder.foldertemplate.1.csv"
"0","professionalservice@miele.es","\01_02 completed","1","1","jan-gerrit.drexhage@miele.com, christian.guenther@miele.com, thomas.millentrup@miele.com","NEXTCCC-MakeFolder.foldertemplate.1.csv"
"1","proyectos@miele.es","\01_01 in process","1","1","jan-gerrit.drexhage@miele.com, christian.guenther@miele.com, thomas.millentrup@miele.com","NEXTCCC-MakeFolder.foldertemplate.1.csv"
"0","proyectos@miele.es","\01_02 completed","1","1","jan-gerrit.drexhage@miele.com, christian.guenther@miele.com, thomas.millentrup@miele.com","NEXTCCC-MakeFolder.foldertemplate.1.csv"
"1","professionalcontracts@miele.pt","\01_01 in process","1","1","jan-gerrit.drexhage@miele.com, christian.guenther@miele.com, thomas.millentrup@miele.com","NEXTCCC-MakeFolder.foldertemplate.1.csv"
"0","professionalcontracts@miele.pt","\01_02 completed","1","1","jan-gerrit.drexhage@miele.com, christian.guenther@miele.com, thomas.millentrup@miele.com","NEXTCCC-MakeFolder.foldertemplate.1.csv"
"1","domesticsales@miele.pt","\01_01 in process","1","1","jan-gerrit.drexhage@miele.com, christian.guenther@miele.com, thomas.millentrup@miele.com","NEXTCCC-MakeFolder.foldertemplate.1.csv"
"0","domesticsales@miele.pt","\01_02 completed","1","1","jan-gerrit.drexhage@miele.com, christian.guenther@miele.com, thomas.millentrup@miele.com","NEXTCCC-MakeFolder.foldertemplate.1.csv"
"1","professionalservice@miele.pt","\01_01 in process","1","1","jan-gerrit.drexhage@miele.com, christian.guenther@miele.com, thomas.millentrup@miele.com","NEXTCCC-MakeFolder.foldertemplate.1.csv"
"0","professionalservice@miele.pt","\01_02 completed","1","1","jan-gerrit.drexhage@miele.com, christian.guenther@miele.com, thomas.millentrup@miele.com","NEXTCCC-MakeFolder.foldertemplate.1.csv"
"1","domesticprojects@miele.pt","\01_01 in process","1","1","jan-gerrit.drexhage@miele.com, christian.guenther@miele.com, thomas.millentrup@miele.com","NEXTCCC-MakeFolder.foldertemplate.1.csv"
"0","domesticprojects@miele.pt","\01_02 completed","1","1","jan-gerrit.drexhage@miele.com, christian.guenther@miele.com, thomas.millentrup@miele.com","NEXTCCC-MakeFolder.foldertemplate.1.csv"
"1","professionalcontracts@miele.pt","\01_01 in process","1","1","jan-gerrit.drexhage@miele.com, christian.guenther@miele.com, thomas.millentrup@miele.com","NEXTCCC-MakeFolder.foldertemplate.1.csv"
"0","professionalcontracts@miele.pt","\01_02 completed","1","1","jan-gerrit.drexhage@miele.com, christian.guenther@miele.com, thomas.millentrup@miele.com","NEXTCCC-MakeFolder.foldertemplate.1.csv"
"1","domesticservice@miele.pt","\01_01 in process","1","1","jan-gerrit.drexhage@miele.com, christian.guenther@miele.com, thomas.millentrup@miele.com","NEXTCCC-MakeFolder.foldertemplate.1.csv"
"0","domesticservice@miele.pt","\01_02 completed","1","1","jan-gerrit.drexhage@miele.com, christian.guenther@miele.com, thomas.millentrup@miele.com","NEXTCCC-MakeFolder.foldertemplate.1.csv"
"1","domesticservice@miele.ie","\01_01 in process","1","1","jan-gerrit.drexhage@miele.com, christian.guenther@miele.com, thomas.millentrup@miele.com","NEXTCCC-MakeFolder.foldertemplate.1.csv"
"0","domesticservice@miele.ie","\01_02 completed","1","1","jan-gerrit.drexhage@miele.com, christian.guenther@miele.com, thomas.millentrup@miele.com","NEXTCCC-MakeFolder.foldertemplate.1.csv"
"1","domesticsales@miele.ie","\01_01 in process","1","1","jan-gerrit.drexhage@miele.com, christian.guenther@miele.com, thomas.millentrup@miele.com","NEXTCCC-MakeFolder.foldertemplate.1.csv"
"0","domesticsales@miele.ie","\01_02 completed","1","1","jan-gerrit.drexhage@miele.com, christian.guenther@miele.com, thomas.millentrup@miele.com","NEXTCCC-MakeFolder.foldertemplate.1.csv"
"1","professional@miele.ie","\01_01 in process","1","1","jan-gerrit.drexhage@miele.com, christian.guenther@miele.com, thomas.millentrup@miele.com","NEXTCCC-MakeFolder.foldertemplate.1.csv"
"0","professional@miele.ie","\01_02 completed","1","1","jan-gerrit.drexhage@miele.com, christian.guenther@miele.com, thomas.millentrup@miele.com","NEXTCCC-MakeFolder.foldertemplate.1.csv"
"1","professionalcontracts@miele.ie","\01_01 in process","1","1","jan-gerrit.drexhage@miele.com, christian.guenther@miele.com, thomas.millentrup@miele.com","NEXTCCC-MakeFolder.foldertemplate.1.csv"
"0","professionalcontracts@miele.ie","\01_02 completed","1","1","jan-gerrit.drexhage@miele.com, christian.guenther@miele.com, thomas.millentrup@miele.com","NEXTCCC-MakeFolder.foldertemplate.1.csv"
"1","domesticprojects@miele.ie","\01_01 in process","1","1","jan-gerrit.drexhage@miele.com, christian.guenther@miele.com, thomas.millentrup@miele.com","NEXTCCC-MakeFolder.foldertemplate.1.csv"
"0","domesticprojects@miele.ie","\01_02 completed","1","1","jan-gerrit.drexhage@miele.com, christian.guenther@miele.com, thomas.millentrup@miele.com","NEXTCCC-MakeFolder.foldertemplate.1.csv"
"1","professional@miele.co.za","\01_01 in process","1","1","jan-gerrit.drexhage@miele.com, christian.guenther@miele.com, thomas.millentrup@miele.com","NEXTCCC-MakeFolder.foldertemplate.1.csv"
"0","professional@miele.co.za","\01_02 completed","1","1","jan-gerrit.drexhage@miele.com, christian.guenther@miele.com, thomas.millentrup@miele.com","NEXTCCC-MakeFolder.foldertemplate.1.csv"
"1","domesticservice@miele.co.za","\01_01 in process","1","1","jan-gerrit.drexhage@miele.com, christian.guenther@miele.com, thomas.millentrup@miele.com","NEXTCCC-MakeFolder.foldertemplate.1.csv"
"0","domesticservice@miele.co.za","\01_02 completed","1","1","jan-gerrit.drexhage@miele.com, christian.guenther@miele.com, thomas.millentrup@miele.com","NEXTCCC-MakeFolder.foldertemplate.1.csv"
"1","domesticsales@miele.co.za","\01_01 in process","1","1","jan-gerrit.drexhage@miele.com, christian.guenther@miele.com, thomas.millentrup@miele.com","NEXTCCC-MakeFolder.foldertemplate.1.csv"
"0","domesticsales@miele.co.za","\01_02 completed","1","1","jan-gerrit.drexhage@miele.com, christian.guenther@miele.com, thomas.millentrup@miele.com","NEXTCCC-MakeFolder.foldertemplate.1.csv"
"1","professional@miele.pt","\01_01 in process","1","1","jan-gerrit.drexhage@miele.com, christian.guenther@miele.com, thomas.millentrup@miele.com","NEXTCCC-MakeFolder.foldertemplate.1.csv"
"0","professional@miele.pt","\01_02 completed","1","1","jan-gerrit.drexhage@miele.com, christian.guenther@miele.com, thomas.millentrup@miele.com","NEXTCCC-MakeFolder.foldertemplate.1.csv"
"1","professionalcontracts@miele.es","\01_01 in process","1","1","jan-gerrit.drexhage@miele.com, christian.guenther@miele.com, thomas.millentrup@miele.com","NEXTCCC-MakeFolder.foldertemplate.1.csv"
"0","professionalcontracts@miele.es","\01_02 completed","1","1","jan-gerrit.drexhage@miele.com, christian.guenther@miele.com, thomas.millentrup@miele.com","NEXTCCC-MakeFolder.foldertemplate.1.csv"

"1","club@miele.co.za","\01 Service Request\01_01 in process","1","1","jan-gerrit.drexhage@miele.com, christian.guenther@miele.com, thomas.millentrup@miele.com","NEXTCCC-MakeFolder.foldertemplate.2.csv"
"0","club@miele.co.za","\01 Service Request\01_02 completed","1","1","jan-gerrit.drexhage@miele.com, christian.guenther@miele.com, thomas.millentrup@miele.com","NEXTCCC-MakeFolder.foldertemplate.2.csv"
"0","club@miele.co.za","\02 Sales Request - Appliances\02_01 in process","1","1","jan-gerrit.drexhage@miele.com, christian.guenther@miele.com, thomas.millentrup@miele.com","NEXTCCC-MakeFolder.foldertemplate.2.csv"
"0","club@miele.co.za","\02 Sales Request - Appliances\02_02 completed","1","1","jan-gerrit.drexhage@miele.com, christian.guenther@miele.com, thomas.millentrup@miele.com","NEXTCCC-MakeFolder.foldertemplate.2.csv"
"0","club@miele.co.za","\03 Sales Request - Spare Parts\03_01 in process","1","1","jan-gerrit.drexhage@miele.com, christian.guenther@miele.com, thomas.millentrup@miele.com","NEXTCCC-MakeFolder.foldertemplate.2.csv"
"0","club@miele.co.za","\03 Sales Request - Spare Parts\03_02 completed","1","1","jan-gerrit.drexhage@miele.com, christian.guenther@miele.com, thomas.millentrup@miele.com","NEXTCCC-MakeFolder.foldertemplate.2.csv"
"0","club@miele.co.za","\04 Information Request\04_01 in process","1","1","jan-gerrit.drexhage@miele.com, christian.guenther@miele.com, thomas.millentrup@miele.com","NEXTCCC-MakeFolder.foldertemplate.2.csv"
"0","club@miele.co.za","\04 Information Request\04_02 completed","1","1","jan-gerrit.drexhage@miele.com, christian.guenther@miele.com, thomas.millentrup@miele.com","NEXTCCC-MakeFolder.foldertemplate.2.csv"
"0","club@miele.co.za","\05 Feedback_Others (Complaint, Compliments)\05_01 in process","1","1","jan-gerrit.drexhage@miele.com, christian.guenther@miele.com, thomas.millentrup@miele.com","NEXTCCC-MakeFolder.foldertemplate.2.csv"
"0","club@miele.co.za","\05 Feedback_Others (Complaint, Compliments)\05_02 completed","1","1","jan-gerrit.drexhage@miele.com, christian.guenther@miele.com, thomas.millentrup@miele.com","NEXTCCC-MakeFolder.foldertemplate.2.csv"
"1","club@miele.pt","\01 Service Request\01_01 in process","1","1","jan-gerrit.drexhage@miele.com, christian.guenther@miele.com, thomas.millentrup@miele.com","NEXTCCC-MakeFolder.foldertemplate.2.csv"
"0","club@miele.pt","\01 Service Request\01_02 completed","1","1","jan-gerrit.drexhage@miele.com, christian.guenther@miele.com, thomas.millentrup@miele.com","NEXTCCC-MakeFolder.foldertemplate.2.csv"
"0","club@miele.pt","\02 Sales Request - Appliances\02_01 in process","1","1","jan-gerrit.drexhage@miele.com, christian.guenther@miele.com, thomas.millentrup@miele.com","NEXTCCC-MakeFolder.foldertemplate.2.csv"
"0","club@miele.pt","\02 Sales Request - Appliances\02_02 completed","1","1","jan-gerrit.drexhage@miele.com, christian.guenther@miele.com, thomas.millentrup@miele.com","NEXTCCC-MakeFolder.foldertemplate.2.csv"
"0","club@miele.pt","\03 Sales Request - Spare Parts\03_01 in process","1","1","jan-gerrit.drexhage@miele.com, christian.guenther@miele.com, thomas.millentrup@miele.com","NEXTCCC-MakeFolder.foldertemplate.2.csv"
"0","club@miele.pt","\03 Sales Request - Spare Parts\03_02 completed","1","1","jan-gerrit.drexhage@miele.com, christian.guenther@miele.com, thomas.millentrup@miele.com","NEXTCCC-MakeFolder.foldertemplate.2.csv"
"0","club@miele.pt","\04 Information Request\04_01 in process","1","1","jan-gerrit.drexhage@miele.com, christian.guenther@miele.com, thomas.millentrup@miele.com","NEXTCCC-MakeFolder.foldertemplate.2.csv"
"0","club@miele.pt","\04 Information Request\04_02 completed","1","1","jan-gerrit.drexhage@miele.com, christian.guenther@miele.com, thomas.millentrup@miele.com","NEXTCCC-MakeFolder.foldertemplate.2.csv"
"0","club@miele.pt","\05 Feedback_Others (Complaint, Compliments)\05_01 in process","1","1","jan-gerrit.drexhage@miele.com, christian.guenther@miele.com, thomas.millentrup@miele.com","NEXTCCC-MakeFolder.foldertemplate.2.csv"
"0","club@miele.pt","\05 Feedback_Others (Complaint, Compliments)\05_02 completed","1","1","jan-gerrit.drexhage@miele.com, christian.guenther@miele.com, thomas.millentrup@miele.com","NEXTCCC-MakeFolder.foldertemplate.2.csv"
"1","club@miele.es","\01 Service Request\01_01 in process","1","1","jan-gerrit.drexhage@miele.com, christian.guenther@miele.com, thomas.millentrup@miele.com","NEXTCCC-MakeFolder.foldertemplate.2.csv"
"0","club@miele.es","\01 Service Request\01_02 completed","1","1","jan-gerrit.drexhage@miele.com, christian.guenther@miele.com, thomas.millentrup@miele.com","NEXTCCC-MakeFolder.foldertemplate.2.csv"
"0","club@miele.es","\02 Sales Request - Appliances\02_01 in process","1","1","jan-gerrit.drexhage@miele.com, christian.guenther@miele.com, thomas.millentrup@miele.com","NEXTCCC-MakeFolder.foldertemplate.2.csv"
"0","club@miele.es","\02 Sales Request - Appliances\02_02 completed","1","1","jan-gerrit.drexhage@miele.com, christian.guenther@miele.com, thomas.millentrup@miele.com","NEXTCCC-MakeFolder.foldertemplate.2.csv"
"0","club@miele.es","\03 Sales Request - Spare Parts\03_01 in process","1","1","jan-gerrit.drexhage@miele.com, christian.guenther@miele.com, thomas.millentrup@miele.com","NEXTCCC-MakeFolder.foldertemplate.2.csv"
"0","club@miele.es","\03 Sales Request - Spare Parts\03_02 completed","1","1","jan-gerrit.drexhage@miele.com, christian.guenther@miele.com, thomas.millentrup@miele.com","NEXTCCC-MakeFolder.foldertemplate.2.csv"
"0","club@miele.es","\04 Information Request\04_01 in process","1","1","jan-gerrit.drexhage@miele.com, christian.guenther@miele.com, thomas.millentrup@miele.com","NEXTCCC-MakeFolder.foldertemplate.2.csv"
"0","club@miele.es","\04 Information Request\04_02 completed","1","1","jan-gerrit.drexhage@miele.com, christian.guenther@miele.com, thomas.millentrup@miele.com","NEXTCCC-MakeFolder.foldertemplate.2.csv"
"0","club@miele.es","\05 Feedback_Others (Complaint, Compliments)\05_01 in process","1","1","jan-gerrit.drexhage@miele.com, christian.guenther@miele.com, thomas.millentrup@miele.com","NEXTCCC-MakeFolder.foldertemplate.2.csv"
"0","club@miele.es","\05 Feedback_Others (Complaint, Compliments)\05_02 completed","1","1","jan-gerrit.drexhage@miele.com, christian.guenther@miele.com, thomas.millentrup@miele.com","NEXTCCC-MakeFolder.foldertemplate.2.csv"
"1","club@miele.ie","\01 Service Request\01_01 in process","1","1","jan-gerrit.drexhage@miele.com, christian.guenther@miele.com, thomas.millentrup@miele.com","NEXTCCC-MakeFolder.foldertemplate.2.csv"
"0","club@miele.ie","\01 Service Request\01_02 completed","1","1","jan-gerrit.drexhage@miele.com, christian.guenther@miele.com, thomas.millentrup@miele.com","NEXTCCC-MakeFolder.foldertemplate.2.csv"
"0","club@miele.ie","\02 Sales Request - Appliances\02_01 in process","1","1","jan-gerrit.drexhage@miele.com, christian.guenther@miele.com, thomas.millentrup@miele.com","NEXTCCC-MakeFolder.foldertemplate.2.csv"
"0","club@miele.ie","\02 Sales Request - Appliances\02_02 completed","1","1","jan-gerrit.drexhage@miele.com, christian.guenther@miele.com, thomas.millentrup@miele.com","NEXTCCC-MakeFolder.foldertemplate.2.csv"
"0","club@miele.ie","\03 Sales Request - Spare Parts\03_01 in process","1","1","jan-gerrit.drexhage@miele.com, christian.guenther@miele.com, thomas.millentrup@miele.com","NEXTCCC-MakeFolder.foldertemplate.2.csv"
"0","club@miele.ie","\03 Sales Request - Spare Parts\03_02 completed","1","1","jan-gerrit.drexhage@miele.com, christian.guenther@miele.com, thomas.millentrup@miele.com","NEXTCCC-MakeFolder.foldertemplate.2.csv"
"0","club@miele.ie","\04 Information Request\04_01 in process","1","1","jan-gerrit.drexhage@miele.com, christian.guenther@miele.com, thomas.millentrup@miele.com","NEXTCCC-MakeFolder.foldertemplate.2.csv"
"0","club@miele.ie","\04 Information Request\04_02 completed","1","1","jan-gerrit.drexhage@miele.com, christian.guenther@miele.com, thomas.millentrup@miele.com","NEXTCCC-MakeFolder.foldertemplate.2.csv"
"0","club@miele.ie","\05 Feedback_Others\05_01 in process","1","1","jan-gerrit.drexhage@miele.com, christian.guenther@miele.com, thomas.millentrup@miele.com","NEXTCCC-MakeFolder.foldertemplate.2.csv"
"0","club@miele.ie","\05 Feedback_Others\05_02 completed","1","1","jan-gerrit.drexhage@miele.com, christian.guenther@miele.com, thomas.millentrup@miele.com","NEXTCCC-MakeFolder.foldertemplate.2.csv"
"1","info@miele.co.za","\01 Service Request\01_01 in process","1","1","jan-gerrit.drexhage@miele.com, christian.guenther@miele.com, thomas.millentrup@miele.com","NEXTCCC-MakeFolder.foldertemplate.2.csv"
"0","info@miele.co.za","\01 Service Request\01_02 completed","1","1","jan-gerrit.drexhage@miele.com, christian.guenther@miele.com, thomas.millentrup@miele.com","NEXTCCC-MakeFolder.foldertemplate.2.csv"
"0","info@miele.co.za","\02 Sales Request - Appliances\02_01 in process","1","1","jan-gerrit.drexhage@miele.com, christian.guenther@miele.com, thomas.millentrup@miele.com","NEXTCCC-MakeFolder.foldertemplate.2.csv"
"0","info@miele.co.za","\02 Sales Request - Appliances\02_02 completed","1","1","jan-gerrit.drexhage@miele.com, christian.guenther@miele.com, thomas.millentrup@miele.com","NEXTCCC-MakeFolder.foldertemplate.2.csv"
"0","info@miele.co.za","\03 Sales Request - Spare Parts\03_01 in process","1","1","jan-gerrit.drexhage@miele.com, christian.guenther@miele.com, thomas.millentrup@miele.com","NEXTCCC-MakeFolder.foldertemplate.2.csv"
"0","info@miele.co.za","\03 Sales Request - Spare Parts\03_02 completed","1","1","jan-gerrit.drexhage@miele.com, christian.guenther@miele.com, thomas.millentrup@miele.com","NEXTCCC-MakeFolder.foldertemplate.2.csv"
"0","info@miele.co.za","\04 Information Request\04_01 in process","1","1","jan-gerrit.drexhage@miele.com, christian.guenther@miele.com, thomas.millentrup@miele.com","NEXTCCC-MakeFolder.foldertemplate.2.csv"
"0","info@miele.co.za","\04 Information Request\04_02 completed","1","1","jan-gerrit.drexhage@miele.com, christian.guenther@miele.com, thomas.millentrup@miele.com","NEXTCCC-MakeFolder.foldertemplate.2.csv"
"0","info@miele.co.za","\05 Feedback_Others (Complaint, Compliments)\05_01 in process","1","1","jan-gerrit.drexhage@miele.com, christian.guenther@miele.com, thomas.millentrup@miele.com","NEXTCCC-MakeFolder.foldertemplate.2.csv"
"0","info@miele.co.za","\05 Feedback_Others (Complaint, Compliments)\05_02 completed","1","1","jan-gerrit.drexhage@miele.com, christian.guenther@miele.com, thomas.millentrup@miele.com","NEXTCCC-MakeFolder.foldertemplate.2.csv"
"1","info@miele.es","\01 Service Request\01_01 in process","1","1","jan-gerrit.drexhage@miele.com, christian.guenther@miele.com, thomas.millentrup@miele.com","NEXTCCC-MakeFolder.foldertemplate.2.csv"
"0","info@miele.es","\01 Service Request\01_02 completed","1","1","jan-gerrit.drexhage@miele.com, christian.guenther@miele.com, thomas.millentrup@miele.com","NEXTCCC-MakeFolder.foldertemplate.2.csv"
"0","info@miele.es","\02 Sales Request - Appliances\02_01 in process","1","1","jan-gerrit.drexhage@miele.com, christian.guenther@miele.com, thomas.millentrup@miele.com","NEXTCCC-MakeFolder.foldertemplate.2.csv"
"0","info@miele.es","\02 Sales Request - Appliances\02_02 completed","1","1","jan-gerrit.drexhage@miele.com, christian.guenther@miele.com, thomas.millentrup@miele.com","NEXTCCC-MakeFolder.foldertemplate.2.csv"
"0","info@miele.es","\03 Sales Request - Spare Parts\03_01 in process","1","1","jan-gerrit.drexhage@miele.com, christian.guenther@miele.com, thomas.millentrup@miele.com","NEXTCCC-MakeFolder.foldertemplate.2.csv"
"0","info@miele.es","\03 Sales Request - Spare Parts\03_02 completed","1","1","jan-gerrit.drexhage@miele.com, christian.guenther@miele.com, thomas.millentrup@miele.com","NEXTCCC-MakeFolder.foldertemplate.2.csv"
"0","info@miele.es","\04 Information Request\04_01 in process","1","1","jan-gerrit.drexhage@miele.com, christian.guenther@miele.com, thomas.millentrup@miele.com","NEXTCCC-MakeFolder.foldertemplate.2.csv"
"0","info@miele.es","\04 Information Request\04_02 completed","1","1","jan-gerrit.drexhage@miele.com, christian.guenther@miele.com, thomas.millentrup@miele.com","NEXTCCC-MakeFolder.foldertemplate.2.csv"
"0","info@miele.es","\05 Feedback_Others (Complaint, Compliments)\05_01 in process","1","1","jan-gerrit.drexhage@miele.com, christian.guenther@miele.com, thomas.millentrup@miele.com","NEXTCCC-MakeFolder.foldertemplate.2.csv"
"0","info@miele.es","\05 Feedback_Others (Complaint, Compliments)\05_02 completed","1","1","jan-gerrit.drexhage@miele.com, christian.guenther@miele.com, thomas.millentrup@miele.com","NEXTCCC-MakeFolder.foldertemplate.2.csv"
"1","info@miele.ie","\01 Service Request\01_01 in process","1","1","jan-gerrit.drexhage@miele.com, christian.guenther@miele.com, thomas.millentrup@miele.com","NEXTCCC-MakeFolder.foldertemplate.2.csv"
"0","info@miele.ie","\01 Service Request\01_02 completed","1","1","jan-gerrit.drexhage@miele.com, christian.guenther@miele.com, thomas.millentrup@miele.com","NEXTCCC-MakeFolder.foldertemplate.2.csv"
"0","info@miele.ie","\02 Sales Request - Appliances\02_01 in process","1","1","jan-gerrit.drexhage@miele.com, christian.guenther@miele.com, thomas.millentrup@miele.com","NEXTCCC-MakeFolder.foldertemplate.2.csv"
"0","info@miele.ie","\02 Sales Request - Appliances\02_02 completed","1","1","jan-gerrit.drexhage@miele.com, christian.guenther@miele.com, thomas.millentrup@miele.com","NEXTCCC-MakeFolder.foldertemplate.2.csv"
"0","info@miele.ie","\03 Sales Request - Spare Parts\03_01 in process","1","1","jan-gerrit.drexhage@miele.com, christian.guenther@miele.com, thomas.millentrup@miele.com","NEXTCCC-MakeFolder.foldertemplate.2.csv"
"0","info@miele.ie","\03 Sales Request - Spare Parts\03_02 completed","1","1","jan-gerrit.drexhage@miele.com, christian.guenther@miele.com, thomas.millentrup@miele.com","NEXTCCC-MakeFolder.foldertemplate.2.csv"
"0","info@miele.ie","\04 Information Request\04_01 in process","1","1","jan-gerrit.drexhage@miele.com, christian.guenther@miele.com, thomas.millentrup@miele.com","NEXTCCC-MakeFolder.foldertemplate.2.csv"
"0","info@miele.ie","\04 Information Request\04_02 completed","1","1","jan-gerrit.drexhage@miele.com, christian.guenther@miele.com, thomas.millentrup@miele.com","NEXTCCC-MakeFolder.foldertemplate.2.csv"
"0","info@miele.ie","\05 Feedback_Others (Complaint, Compliments)\05_01 in process","1","1","jan-gerrit.drexhage@miele.com, christian.guenther@miele.com, thomas.millentrup@miele.com","NEXTCCC-MakeFolder.foldertemplate.2.csv"
"0","info@miele.ie","\05 Feedback_Others (Complaint, Compliments)\05_02 completed","1","1","jan-gerrit.drexhage@miele.com, christian.guenther@miele.com, thomas.millentrup@miele.com","NEXTCCC-MakeFolder.foldertemplate.2.csv"
"1","info@miele.pt","\01 Service Request\01_01 in process","1","1","jan-gerrit.drexhage@miele.com, christian.guenther@miele.com, thomas.millentrup@miele.com","NEXTCCC-MakeFolder.foldertemplate.2.csv"
"0","info@miele.pt","\01 Service Request\01_02 completed","1","1","jan-gerrit.drexhage@miele.com, christian.guenther@miele.com, thomas.millentrup@miele.com","NEXTCCC-MakeFolder.foldertemplate.2.csv"
"0","info@miele.pt","\02 Sales Request - Appliances\02_01 in process","1","1","jan-gerrit.drexhage@miele.com, christian.guenther@miele.com, thomas.millentrup@miele.com","NEXTCCC-MakeFolder.foldertemplate.2.csv"
"0","info@miele.pt","\02 Sales Request - Appliances\02_02 completed","1","1","jan-gerrit.drexhage@miele.com, christian.guenther@miele.com, thomas.millentrup@miele.com","NEXTCCC-MakeFolder.foldertemplate.2.csv"
"0","info@miele.pt","\03 Sales Request - Spare Parts\03_01 in process","1","1","jan-gerrit.drexhage@miele.com, christian.guenther@miele.com, thomas.millentrup@miele.com","NEXTCCC-MakeFolder.foldertemplate.2.csv"
"0","info@miele.pt","\03 Sales Request - Spare Parts\03_02 completed","1","1","jan-gerrit.drexhage@miele.com, christian.guenther@miele.com, thomas.millentrup@miele.com","NEXTCCC-MakeFolder.foldertemplate.2.csv"
"0","info@miele.pt","\04 Information Request\04_01 in process","1","1","jan-gerrit.drexhage@miele.com, christian.guenther@miele.com, thomas.millentrup@miele.com","NEXTCCC-MakeFolder.foldertemplate.2.csv"
"0","info@miele.pt","\04 Information Request\04_02 completed","1","1","jan-gerrit.drexhage@miele.com, christian.guenther@miele.com, thomas.millentrup@miele.com","NEXTCCC-MakeFolder.foldertemplate.2.csv"
"0","info@miele.pt","\05 Feedback_Others (Complaint, Compliments)\05_01 in process","1","1","jan-gerrit.drexhage@miele.com, christian.guenther@miele.com, thomas.millentrup@miele.com","NEXTCCC-MakeFolder.foldertemplate.2.csv"
"0","info@miele.pt","\05 Feedback_Others (Complaint, Compliments)\05_02 completed","1","1","jan-gerrit.drexhage@miele.com, christian.guenther@miele.com, thomas.millentrup@miele.com","NEXTCCC-MakeFolder.foldertemplate.2.csv"
