"PSComputerName","RunspaceId","PSShowComputerName","Description","Enabled","Identity","InError","ErrorType","Name","Priority","RuleIdentity","SupportedByTask","Legacy","BodyContainsWords","ExceptIfBodyContainsWords","FlaggedForAction","ExceptIfFlaggedForAction","FromAddressContainsWords","ExceptIfFromAddressContainsWords","From","ExceptIfFrom","HasAttachment","ExceptIfHasAttachment","HasClassification","ExceptIfHasClassification","HeaderContainsWords","ExceptIfHeaderContainsWords","FromSubscription","ExceptIfFromSubscription","MessageTypeMatches","ExceptIfMessageTypeMatches","MyNameInCcBox","ExceptIfMyNameInCcBox","MyNameInToBox","ExceptIfMyNameInToBox","MyNameInToOrCcBox","ExceptIfMyNameInToOrCcBox","MyNameNotInToBox","ExceptIfMyNameNotInToBox","ReceivedAfterDate","ExceptIfReceivedAfterDate","ReceivedBeforeDate","ExceptIfReceivedBeforeDate","RecipientAddressContainsWords","ExceptIfRecipientAddressContainsWords","SentOnlyToMe","ExceptIfSentOnlyToMe","SentTo","ExceptIfSentTo","SubjectContainsWords","ExceptIfSubjectContainsWords","SubjectOrBodyContainsWords","ExceptIfSubjectOrBodyContainsWords","WithImportance","ExceptIfWithImportance","WithinSizeRangeMaximum","ExceptIfWithinSizeRangeMaximum","WithinSizeRangeMinimum","ExceptIfWithinSizeRangeMinimum","WithSensitivity","ExceptIfWithSensitivity","ApplyCategory","ApplySystemCategory","CopyToFolder","DeleteMessage","DeleteSystemCategory","ForwardAsAttachmentTo","ForwardTo","MarkAsRead","MarkImportance","MoveToFolder","PinMessage","RedirectTo","SendTextMessageNotificationTo","StopProcessingRules","MailboxOwnerId","IsValid","ObjectState"
"comgtexmdb10.com.miele.net","c4e0a4c7-2e42-4c0b-b8ef-6dfef3136d5f","False","If the message:
	the message includes specific words in the subject 'Manage-MobileIronQuarantine.emm:Add Device'
Take the following actions:
	move the message to folder 'MobileIron'
	and stop processing more rules on this message
","True","de.miele.net/GT/Z-ORG/Users/Carius Frank\14998962684618080258","False","None","Manage-MobileIronQuarantine.emm:Add Device","1","14998962684618080258","True",,"Microsoft.Exchange.Data.MultiValuedProperty`1[System.String]","Microsoft.Exchange.Data.MultiValuedProperty`1[System.String]",,,"Microsoft.Exchange.Data.MultiValuedProperty`1[System.String]","Microsoft.Exchange.Data.MultiValuedProperty`1[System.String]",,,"False","False",,,"Microsoft.Exchange.Data.MultiValuedProperty`1[System.String]","Microsoft.Exchange.Data.MultiValuedProperty`1[System.String]",,,,,"False","False","False","False","False","False","False","False",,,,,"Microsoft.Exchange.Data.MultiValuedProperty`1[System.String]","Microsoft.Exchange.Data.MultiValuedProperty`1[System.String]","False","False",,,"Microsoft.Exchange.Data.MultiValuedProperty`1[System.String]","Microsoft.Exchange.Data.MultiValuedProperty`1[System.String]","Microsoft.Exchange.Data.MultiValuedProperty`1[System.String]","Microsoft.Exchange.Data.MultiValuedProperty`1[System.String]",,,,,,,,,"Microsoft.Exchange.Data.MultiValuedProperty`1[System.String]","Microsoft.Exchange.Data.MultiValuedProperty`1[Microsoft.Exchange.Data.SystemCategoryType]",,"False","Microsoft.Exchange.Data.MultiValuedProperty`1[Microsoft.Exchange.Data.SystemCategoryType]",,,"False",,"MobileIron","False",,"Microsoft.Exchange.Data.MultiValuedProperty`1[Microsoft.Exchange.Data.Storage.Management.E164Number]","True","de.miele.net/GT/Z-ORG/Users/Carius Frank","True","Unchanged"
"comgtexmdb10.com.miele.net","c4e0a4c7-2e42-4c0b-b8ef-6dfef3136d5f","False","If the message:
	the message includes specific words in the subject 'Miele IT-Support: Neues St?rungsticket'
Take the following actions:
	delete the message
	and stop processing more rules on this message
","True","de.miele.net/GT/Z-ORG/Users/Carius Frank\15071020278656008194","False","None","Miele IT-Support: Neues St?rungsticket","2","15071020278656008194","True",,"Microsoft.Exchange.Data.MultiValuedProperty`1[System.String]","Microsoft.Exchange.Data.MultiValuedProperty`1[System.String]",,,"Microsoft.Exchange.Data.MultiValuedProperty`1[System.String]","Microsoft.Exchange.Data.MultiValuedProperty`1[System.String]",,,"False","False",,,"Microsoft.Exchange.Data.MultiValuedProperty`1[System.String]","Microsoft.Exchange.Data.MultiValuedProperty`1[System.String]",,,,,"False","False","False","False","False","False","False","False",,,,,"Microsoft.Exchange.Data.MultiValuedProperty`1[System.String]","Microsoft.Exchange.Data.MultiValuedProperty`1[System.String]","False","False",,,"Microsoft.Exchange.Data.MultiValuedProperty`1[System.String]","Microsoft.Exchange.Data.MultiValuedProperty`1[System.String]","Microsoft.Exchange.Data.MultiValuedProperty`1[System.String]","Microsoft.Exchange.Data.MultiValuedProperty`1[System.String]",,,,,,,,,"Microsoft.Exchange.Data.MultiValuedProperty`1[System.String]","Microsoft.Exchange.Data.MultiValuedProperty`1[Microsoft.Exchange.Data.SystemCategoryType]",,"True","Microsoft.Exchange.Data.MultiValuedProperty`1[Microsoft.Exchange.Data.SystemCategoryType]",,,"False",,,"False",,"Microsoft.Exchange.Data.MultiValuedProperty`1[Microsoft.Exchange.Data.Storage.Management.E164Number]","True","de.miele.net/GT/Z-ORG/Users/Carius Frank","True","Unchanged"
"comgtexmdb10.com.miele.net","c4e0a4c7-2e42-4c0b-b8ef-6dfef3136d5f","False","If the message:
	the message includes specific words in the subject 'FCTESTFORWARD'
Take the following actions:
	forward the message to 'Drexhage, Jan-Gerrit'
","True","de.miele.net/GT/Z-ORG/Users/Carius Frank\15143077872693936130","False","None","FCTESTREROUTE","3","15143077872693936130","True",,"Microsoft.Exchange.Data.MultiValuedProperty`1[System.String]","Microsoft.Exchange.Data.MultiValuedProperty`1[System.String]",,,"Microsoft.Exchange.Data.MultiValuedProperty`1[System.String]","Microsoft.Exchange.Data.MultiValuedProperty`1[System.String]",,,"False","False",,,"Microsoft.Exchange.Data.MultiValuedProperty`1[System.String]","Microsoft.Exchange.Data.MultiValuedProperty`1[System.String]",,,,,"False","False","False","False","False","False","False","False",,,,,"Microsoft.Exchange.Data.MultiValuedProperty`1[System.String]","Microsoft.Exchange.Data.MultiValuedProperty`1[System.String]","False","False",,,"Microsoft.Exchange.Data.MultiValuedProperty`1[System.String]","Microsoft.Exchange.Data.MultiValuedProperty`1[System.String]","Microsoft.Exchange.Data.MultiValuedProperty`1[System.String]","Microsoft.Exchange.Data.MultiValuedProperty`1[System.String]",,,,,,,,,"Microsoft.Exchange.Data.MultiValuedProperty`1[System.String]","Microsoft.Exchange.Data.MultiValuedProperty`1[Microsoft.Exchange.Data.SystemCategoryType]",,"False","Microsoft.Exchange.Data.MultiValuedProperty`1[Microsoft.Exchange.Data.SystemCategoryType]",,"Microsoft.Exchange.Data.Storage.Management.ADRecipientOrAddress[]","False",,,"False",,"Microsoft.Exchange.Data.MultiValuedProperty`1[Microsoft.Exchange.Data.Storage.Management.E164Number]","False","de.miele.net/GT/Z-ORG/Users/Carius Frank","True","Unchanged"
"comgtexmdb10.com.miele.net","c4e0a4c7-2e42-4c0b-b8ef-6dfef3136d5f","False","If the message:
	the message includes specific words in the subject 'Enable LyncUser'
Take the following actions:
	delete the message
	and stop processing more rules on this message
","True","de.miele.net/GT/Z-ORG/Users/Carius Frank\15215135466731864066","False","None","Enable LyncUser","4","15215135466731864066","True",,"Microsoft.Exchange.Data.MultiValuedProperty`1[System.String]","Microsoft.Exchange.Data.MultiValuedProperty`1[System.String]",,,"Microsoft.Exchange.Data.MultiValuedProperty`1[System.String]","Microsoft.Exchange.Data.MultiValuedProperty`1[System.String]",,,"False","False",,,"Microsoft.Exchange.Data.MultiValuedProperty`1[System.String]","Microsoft.Exchange.Data.MultiValuedProperty`1[System.String]",,,,,"False","False","False","False","False","False","False","False",,,,,"Microsoft.Exchange.Data.MultiValuedProperty`1[System.String]","Microsoft.Exchange.Data.MultiValuedProperty`1[System.String]","False","False",,,"Microsoft.Exchange.Data.MultiValuedProperty`1[System.String]","Microsoft.Exchange.Data.MultiValuedProperty`1[System.String]","Microsoft.Exchange.Data.MultiValuedProperty`1[System.String]","Microsoft.Exchange.Data.MultiValuedProperty`1[System.String]",,,,,,,,,"Microsoft.Exchange.Data.MultiValuedProperty`1[System.String]","Microsoft.Exchange.Data.MultiValuedProperty`1[Microsoft.Exchange.Data.SystemCategoryType]",,"True","Microsoft.Exchange.Data.MultiValuedProperty`1[Microsoft.Exchange.Data.SystemCategoryType]",,,"False",,,"False",,"Microsoft.Exchange.Data.MultiValuedProperty`1[Microsoft.Exchange.Data.Storage.Management.E164Number]","True","de.miele.net/GT/Z-ORG/Users/Carius Frank","True","Unchanged"
"comgtexmdb10.com.miele.net","c4e0a4c7-2e42-4c0b-b8ef-6dfef3136d5f","False","If the message:
	the message includes specific words in the subject 'Lyncprovisioning:'
Take the following actions:
	move the message to folder 'Lync'
	and stop processing more rules on this message
","True","de.miele.net/GT/Z-ORG/Users/Carius Frank\15287193060769792002","False","None","Subject contains 'Lyncprovisioning:'","5","15287193060769792002","True",,"Microsoft.Exchange.Data.MultiValuedProperty`1[System.String]","Microsoft.Exchange.Data.MultiValuedProperty`1[System.String]",,,"Microsoft.Exchange.Data.MultiValuedProperty`1[System.String]","Microsoft.Exchange.Data.MultiValuedProperty`1[System.String]",,,"False","False",,,"Microsoft.Exchange.Data.MultiValuedProperty`1[System.String]","Microsoft.Exchange.Data.MultiValuedProperty`1[System.String]",,,,,"False","False","False","False","False","False","False","False",,,,,"Microsoft.Exchange.Data.MultiValuedProperty`1[System.String]","Microsoft.Exchange.Data.MultiValuedProperty`1[System.String]","False","False",,,"Microsoft.Exchange.Data.MultiValuedProperty`1[System.String]","Microsoft.Exchange.Data.MultiValuedProperty`1[System.String]","Microsoft.Exchange.Data.MultiValuedProperty`1[System.String]","Microsoft.Exchange.Data.MultiValuedProperty`1[System.String]",,,,,,,,,"Microsoft.Exchange.Data.MultiValuedProperty`1[System.String]","Microsoft.Exchange.Data.MultiValuedProperty`1[Microsoft.Exchange.Data.SystemCategoryType]",,"False","Microsoft.Exchange.Data.MultiValuedProperty`1[Microsoft.Exchange.Data.SystemCategoryType]",,,"False",,"Lync","False",,"Microsoft.Exchange.Data.MultiValuedProperty`1[Microsoft.Exchange.Data.Storage.Management.E164Number]","True","de.miele.net/GT/Z-ORG/Users/Carius Frank","True","Unchanged"
"comgtexmdb10.com.miele.net","c4e0a4c7-2e42-4c0b-b8ef-6dfef3136d5f","False","If the message:
	the message includes specific words in the subject 'Lyncprovisioning: Enable LyncUser'
Take the following actions:
	move the message to folder 'Lync'
	and stop processing more rules on this message
","True","de.miele.net/GT/Z-ORG/Users/Carius Frank\15359250654807719938","False","None","Lyncprovisioning: Enable LyncUser","6","15359250654807719938","True",,"Microsoft.Exchange.Data.MultiValuedProperty`1[System.String]","Microsoft.Exchange.Data.MultiValuedProperty`1[System.String]",,,"Microsoft.Exchange.Data.MultiValuedProperty`1[System.String]","Microsoft.Exchange.Data.MultiValuedProperty`1[System.String]",,,"False","False",,,"Microsoft.Exchange.Data.MultiValuedProperty`1[System.String]","Microsoft.Exchange.Data.MultiValuedProperty`1[System.String]",,,,,"False","False","False","False","False","False","False","False",,,,,"Microsoft.Exchange.Data.MultiValuedProperty`1[System.String]","Microsoft.Exchange.Data.MultiValuedProperty`1[System.String]","False","False",,,"Microsoft.Exchange.Data.MultiValuedProperty`1[System.String]","Microsoft.Exchange.Data.MultiValuedProperty`1[System.String]","Microsoft.Exchange.Data.MultiValuedProperty`1[System.String]","Microsoft.Exchange.Data.MultiValuedProperty`1[System.String]",,,,,,,,,"Microsoft.Exchange.Data.MultiValuedProperty`1[System.String]","Microsoft.Exchange.Data.MultiValuedProperty`1[Microsoft.Exchange.Data.SystemCategoryType]",,"False","Microsoft.Exchange.Data.MultiValuedProperty`1[Microsoft.Exchange.Data.SystemCategoryType]",,,"False",,"Lync","False",,"Microsoft.Exchange.Data.MultiValuedProperty`1[Microsoft.Exchange.Data.Storage.Management.E164Number]","True","de.miele.net/GT/Z-ORG/Users/Carius Frank","True","Unchanged"
