<?xml version="1.0"?>
<Settings>
	<CONNECTIONSTRING>Persist Security Info=False;Server=DEGTDBCL31VPEMS.de.miele.net\PEMS;database=email_kpi;Integrated Security=true</CONNECTIONSTRING>
	<DBTableName>dbo.MailProperties</DBTableName>
	<ExportFilesDirectory>D:\Tasks\NEXTCCCReporting\ewscsv\export</ExportFilesDirectory>
	<FinishedFilesDirectory>D:\Tasks\NEXTCCCReporting\ewscsv\done</FinishedFilesDirectory>
	<ROW>
		<COLUMN NAME="JobId" DATATYPE="String"/>
		<COLUMN NAME="MessageId" DATATYPE="String"/>
		<COLUMN NAME="InternetMessageID" DATATYPE="String"/>
		<COLUMN NAME="ReceivedDateTime" DATATYPE="DateTime"/>
		<COLUMN NAME="LastModifiedDateTime" DATATYPE="DateTime"/>
		<COLUMN NAME="Sender" DATATYPE="String"/>
		<COLUMN NAME="MailboxName" DATATYPE="String"/>
		<COLUMN NAME="FlagStatus" DATATYPE="String"/>
		<COLUMN NAME="FlagStartDateTime" DATATYPE="DateTime"/>
		<COLUMN NAME="FlagCompletedDateTime" DATATYPE="DateTime"/>
		<COLUMN NAME="FolderPath" DATATYPE="String"/>
		<COLUMN NAME="FolderId" DATATYPE="String"/>
		<COLUMN NAME="FolderName" DATATYPE="String"/>
		<COLUMN NAME="Categories" DATATYPE="String"/>
	</ROW>
</Settings>