"active","MailboxSMTP","reportadditionalfolders","NotifySMTP","templatefile"
"1","Info@miele.ie","1","jan-gerrit.drexhage@miele.com, christian.guenther@miele.com, thomas.millentrup@miele.com","NEXTCCC-MailboxConfig.foldertemplate.B2C.csv"
"1","Info@miele.pt","1","jan-gerrit.drexhage@miele.com, christian.guenther@miele.com, thomas.millentrup@miele.com","NEXTCCC-MailboxConfig.foldertemplate.B2C.csv"
"1","Info@miele.es","1","jan-gerrit.drexhage@miele.com, christian.guenther@miele.com, thomas.millentrup@miele.com","NEXTCCC-MailboxConfig.foldertemplate.B2C.csv"
"1","Info@miele.be","1","jan-gerrit.drexhage@miele.com, christian.guenther@miele.com, thomas.millentrup@miele.com","NEXTCCC-MailboxConfig.foldertemplate.B2C.csv"
"1","Info@miele.fr","1","jan-gerrit.drexhage@miele.com, christian.guenther@miele.com, thomas.millentrup@miele.com","NEXTCCC-MailboxConfig.foldertemplate.B2C.csv"
"1","Info@miele.pl","1","jan-gerrit.drexhage@miele.com, christian.guenther@miele.com, thomas.millentrup@miele.com","NEXTCCC-MailboxConfig.foldertemplate.B2C.csv"
"1","Info@miele.gr","1","jan-gerrit.drexhage@miele.com, christian.guenther@miele.com, thomas.millentrup@miele.com","NEXTCCC-MailboxConfig.foldertemplate.B2C.csv"
"1","Info@miele.com.cy","1","jan-gerrit.drexhage@miele.com, christian.guenther@miele.com, thomas.millentrup@miele.com","NEXTCCC-MailboxConfig.foldertemplate.B2C.csv"
"1","Info@miele.ch","1","jan-gerrit.drexhage@miele.com, christian.guenther@miele.com, thomas.millentrup@miele.com","NEXTCCC-MailboxConfig.foldertemplate.B2C.csv"
"1","Info@miele.co.za","1","jan-gerrit.drexhage@miele.com, christian.guenther@miele.com, thomas.millentrup@miele.com","NEXTCCC-MailboxConfig.foldertemplate.B2C.csv"
"1","Info@miele.no","1","jan-gerrit.drexhage@miele.com, christian.guenther@miele.com, thomas.millentrup@miele.com","NEXTCCC-MailboxConfig.foldertemplate.B2C.csv"
"1","Info@miele.fi","1","jan-gerrit.drexhage@miele.com, christian.guenther@miele.com, thomas.millentrup@miele.com","NEXTCCC-MailboxConfig.foldertemplate.B2C.csv"
"1","Info@miele.se","1","jan-gerrit.drexhage@miele.com, christian.guenther@miele.com, thomas.millentrup@miele.com","NEXTCCC-MailboxConfig.foldertemplate.B2C.csv"
"1","Info@miele.dk","1","jan-gerrit.drexhage@miele.com, christian.guenther@miele.com, thomas.millentrup@miele.com","NEXTCCC-MailboxConfig.foldertemplate.B2C.csv"
"1","Info@miele.be","1","jan-gerrit.drexhage@miele.com, christian.guenther@miele.com, thomas.millentrup@miele.com","NEXTCCC-MailboxConfig.foldertemplate.B2C.csv"
"1","Info@miele.lu","1","jan-gerrit.drexhage@miele.com, christian.guenther@miele.com, thomas.millentrup@miele.com","NEXTCCC-MailboxConfig.foldertemplate.B2C.csv"
"1","Info@miele.nl","1","jan-gerrit.drexhage@miele.com, christian.guenther@miele.com, thomas.millentrup@miele.com","NEXTCCC-MailboxConfig.foldertemplate.B2C.csv"
"1","club@miele.be","1","jan-gerrit.drexhage@miele.com, christian.guenther@miele.com, thomas.millentrup@miele.com","NEXTCCC-MailboxConfig.foldertemplate.B2C.csv"
"1","club@miele.lu","1","jan-gerrit.drexhage@miele.com, christian.guenther@miele.com, thomas.millentrup@miele.com","NEXTCCC-MailboxConfig.foldertemplate.B2C.csv"
"1","club@miele.nl","1","jan-gerrit.drexhage@miele.com, christian.guenther@miele.com, thomas.millentrup@miele.com","NEXTCCC-MailboxConfig.foldertemplate.B2C.csv"
"1","club@miele.dk","1","jan-gerrit.drexhage@miele.com, christian.guenther@miele.com, thomas.millentrup@miele.com","NEXTCCC-MailboxConfig.foldertemplate.B2C.csv"
"1","club@miele.no","1","jan-gerrit.drexhage@miele.com, christian.guenther@miele.com, thomas.millentrup@miele.com","NEXTCCC-MailboxConfig.foldertemplate.B2C.csv"
"1","club@miele.se","1","jan-gerrit.drexhage@miele.com, christian.guenther@miele.com, thomas.millentrup@miele.com","NEXTCCC-MailboxConfig.foldertemplate.B2C.csv"
"1","club@miele.ch","1","jan-gerrit.drexhage@miele.com, christian.guenther@miele.com, thomas.millentrup@miele.com","NEXTCCC-MailboxConfig.foldertemplate.B2C.csv"
"1","club@miele.fr","1","jan-gerrit.drexhage@miele.com, christian.guenther@miele.com, thomas.millentrup@miele.com","NEXTCCC-MailboxConfig.foldertemplate.B2C.csv"
"1","club@miele.gr","1","jan-gerrit.drexhage@miele.com, christian.guenther@miele.com, thomas.millentrup@miele.com","NEXTCCC-MailboxConfig.foldertemplate.B2C.csv"
"1","club@miele.pl","1","jan-gerrit.drexhage@miele.com, christian.guenther@miele.com, thomas.millentrup@miele.com","NEXTCCC-MailboxConfig.foldertemplate.B2C.csv"
"1","club@miele.se","1","jan-gerrit.drexhage@miele.com, christian.guenther@miele.com, thomas.millentrup@miele.com","NEXTCCC-MailboxConfig.foldertemplate.B2C.csv"
"1","club@miele.co.za","1","jan-gerrit.drexhage@miele.com, christian.guenther@miele.com, thomas.millentrup@miele.com","NEXTCCC-MailboxConfig.foldertemplate.B2C.csv"
"1","club@miele.pt","1","jan-gerrit.drexhage@miele.com, christian.guenther@miele.com, thomas.millentrup@miele.com","NEXTCCC-MailboxConfig.foldertemplate.B2C.csv"
"1","club@miele.es","1","jan-gerrit.drexhage@miele.com, christian.guenther@miele.com, thomas.millentrup@miele.com","NEXTCCC-MailboxConfig.foldertemplate.B2C.csv"
"1","club@miele.ie","1","jan-gerrit.drexhage@miele.com, christian.guenther@miele.com, thomas.millentrup@miele.com","NEXTCCC-MailboxConfig.foldertemplate.B2C.csv"
"1","domesticprojects@miele.pt","1","jan-gerrit.drexhage@miele.com, christian.guenther@miele.com, thomas.millentrup@miele.com","NEXTCCC-MailboxConfig.foldertemplate.B2B.csv"
"1","domesticprojects@miele.ie","1","jan-gerrit.drexhage@miele.com, christian.guenther@miele.com, thomas.millentrup@miele.com","NEXTCCC-MailboxConfig.foldertemplate.B2B.csv"
"1","domesticprojects@miele.se","1","jan-gerrit.drexhage@miele.com, christian.guenther@miele.com, thomas.millentrup@miele.com","NEXTCCC-MailboxConfig.foldertemplate.B2B.csv"
"1","proyectos@miele.es","1","jan-gerrit.drexhage@miele.com, christian.guenther@miele.com, thomas.millentrup@miele.com","NEXTCCC-MailboxConfig.foldertemplate.B2B.csv"
"1","b2bprojekt@miele.dk","1","jan-gerrit.drexhage@miele.com, christian.guenther@miele.com, thomas.millentrup@miele.com","NEXTCCC-MailboxConfig.foldertemplate.B2B.csv"
"1","domesticprojects@miele.ch","1","jan-gerrit.drexhage@miele.com, christian.guenther@miele.com, thomas.millentrup@miele.com","NEXTCCC-MailboxConfig.foldertemplate.B2B.csv"
"1","projetmenager@miele.fr","1","jan-gerrit.drexhage@miele.com, christian.guenther@miele.com, thomas.millentrup@miele.com","NEXTCCC-MailboxConfig.foldertemplate.B2B.csv"
"1","projekty@miele.pl","1","jan-gerrit.drexhage@miele.com, christian.guenther@miele.com, thomas.millentrup@miele.com","NEXTCCC-MailboxConfig.foldertemplate.B2B.csv"
"1","domesticprojects@miele.be","1","jan-gerrit.drexhage@miele.com, christian.guenther@miele.com, thomas.millentrup@miele.com","NEXTCCC-MailboxConfig.foldertemplate.B2B.csv"
"1","domesticprojects@miele.gr","1","jan-gerrit.drexhage@miele.com, christian.guenther@miele.com, thomas.millentrup@miele.com","NEXTCCC-MailboxConfig.foldertemplate.B2B.csv"
"1","domesticservice@miele.es","1","jan-gerrit.drexhage@miele.com, christian.guenther@miele.com, thomas.millentrup@miele.com","NEXTCCC-MailboxConfig.foldertemplate.B2B.csv"
"1","domesticservice@miele.se","1","jan-gerrit.drexhage@miele.com, christian.guenther@miele.com, thomas.millentrup@miele.com","NEXTCCC-MailboxConfig.foldertemplate.B2B.csv"
"1","domesticservice@miele.pt","1","jan-gerrit.drexhage@miele.com, christian.guenther@miele.com, thomas.millentrup@miele.com","NEXTCCC-MailboxConfig.foldertemplate.B2B.csv"
"1","domesticservice@miele.ie","1","jan-gerrit.drexhage@miele.com, christian.guenther@miele.com, thomas.millentrup@miele.com","NEXTCCC-MailboxConfig.foldertemplate.B2B.csv"
"1","domesticservice@miele.co.za","1","jan-gerrit.drexhage@miele.com, christian.guenther@miele.com, thomas.millentrup@miele.com","NEXTCCC-MailboxConfig.foldertemplate.B2B.csv"
"1","b2bservice@miele.dk","1","jan-gerrit.drexhage@miele.com, christian.guenther@miele.com, thomas.millentrup@miele.com","NEXTCCC-MailboxConfig.foldertemplate.B2B.csv"
"1","savmenager@miele.fr","1","jan-gerrit.drexhage@miele.com, christian.guenther@miele.com, thomas.millentrup@miele.com","NEXTCCC-MailboxConfig.foldertemplate.B2B.csv"
"1","serwis@miele.pl","1","jan-gerrit.drexhage@miele.com, christian.guenther@miele.com, thomas.millentrup@miele.com","NEXTCCC-MailboxConfig.foldertemplate.B2B.csv"
"1","domesticservice@miele.be","1","jan-gerrit.drexhage@miele.com, christian.guenther@miele.com, thomas.millentrup@miele.com","NEXTCCC-MailboxConfig.foldertemplate.B2B.csv"
"1","domesticservice@miele.gr","1","jan-gerrit.drexhage@miele.com, christian.guenther@miele.com, thomas.millentrup@miele.com","NEXTCCC-MailboxConfig.foldertemplate.B2B.csv"
"1","domesticsales@miele.pt","1","jan-gerrit.drexhage@miele.com, christian.guenther@miele.com, thomas.millentrup@miele.com","NEXTCCC-MailboxConfig.foldertemplate.B2B.csv"
"1","domesticsales@miele.se","1","jan-gerrit.drexhage@miele.com, christian.guenther@miele.com, thomas.millentrup@miele.com","NEXTCCC-MailboxConfig.foldertemplate.B2B.csv"
"1","domesticsales@miele.ie","1","jan-gerrit.drexhage@miele.com, christian.guenther@miele.com, thomas.millentrup@miele.com","NEXTCCC-MailboxConfig.foldertemplate.B2B.csv"
"1","domesticsales@miele.co.za","1","jan-gerrit.drexhage@miele.com, christian.guenther@miele.com, thomas.millentrup@miele.com","NEXTCCC-MailboxConfig.foldertemplate.B2B.csv"
"1","atenciondistribuidor@miele.es","1","jan-gerrit.drexhage@miele.com, christian.guenther@miele.com, thomas.millentrup@miele.com","NEXTCCC-MailboxConfig.foldertemplate.B2B.csv"
"1","b2bsalg@miele.dk","1","jan-gerrit.drexhage@miele.com, christian.guenther@miele.com, thomas.millentrup@miele.com","NEXTCCC-MailboxConfig.foldertemplate.B2B.csv"
"1","domesticsales@miele.ch","1","jan-gerrit.drexhage@miele.com, christian.guenther@miele.com, thomas.millentrup@miele.com","NEXTCCC-MailboxConfig.foldertemplate.B2B.csv"
"1","advmen@miele.fr","1","jan-gerrit.drexhage@miele.com, christian.guenther@miele.com, thomas.millentrup@miele.com","NEXTCCC-MailboxConfig.foldertemplate.B2B.csv"
"1","agd@miele.pl","1","jan-gerrit.drexhage@miele.com, christian.guenther@miele.com, thomas.millentrup@miele.com","NEXTCCC-MailboxConfig.foldertemplate.B2B.csv"
"1","domesticsales@miele.be","1","jan-gerrit.drexhage@miele.com, christian.guenther@miele.com, thomas.millentrup@miele.com","NEXTCCC-MailboxConfig.foldertemplate.B2B.csv"
"1","domesticsales@miele.gr","1","jan-gerrit.drexhage@miele.com, christian.guenther@miele.com, thomas.millentrup@miele.com","NEXTCCC-MailboxConfig.foldertemplate.B2B.csv"
"1","professional@miele.co.za","1","jan-gerrit.drexhage@miele.com, christian.guenther@miele.com, thomas.millentrup@miele.com","NEXTCCC-MailboxConfig.foldertemplate.B2B.csv"
"1","professional@miele.es","1","jan-gerrit.drexhage@miele.com, christian.guenther@miele.com, thomas.millentrup@miele.com","NEXTCCC-MailboxConfig.foldertemplate.B2B.csv"
"1","professional@miele.se","1","jan-gerrit.drexhage@miele.com, christian.guenther@miele.com, thomas.millentrup@miele.com","NEXTCCC-MailboxConfig.foldertemplate.B2B.csv"
"1","professional@miele.ie","1","jan-gerrit.drexhage@miele.com, christian.guenther@miele.com, thomas.millentrup@miele.com","NEXTCCC-MailboxConfig.foldertemplate.B2B.csv"
"1","professional@miele.pt","1","jan-gerrit.drexhage@miele.com, christian.guenther@miele.com, thomas.millentrup@miele.com","NEXTCCC-MailboxConfig.foldertemplate.B2B.csv"
"1","professional@miele.dk","1","jan-gerrit.drexhage@miele.com, christian.guenther@miele.com, thomas.millentrup@miele.com","NEXTCCC-MailboxConfig.foldertemplate.B2B.csv"
"1","professional@miele.ch","1","jan-gerrit.drexhage@miele.com, christian.guenther@miele.com, thomas.millentrup@miele.com","NEXTCCC-MailboxConfig.foldertemplate.B2B.csv"
"1","advpro@miele.fr","1","jan-gerrit.drexhage@miele.com, christian.guenther@miele.com, thomas.millentrup@miele.com","NEXTCCC-MailboxConfig.foldertemplate.B2B.csv"
"1","profi@miele.pl","1","jan-gerrit.drexhage@miele.com, christian.guenther@miele.com, thomas.millentrup@miele.com","NEXTCCC-MailboxConfig.foldertemplate.B2B.csv"
"1","professional@miele.be","1","jan-gerrit.drexhage@miele.com, christian.guenther@miele.com, thomas.millentrup@miele.com","NEXTCCC-MailboxConfig.foldertemplate.B2B.csv"
"1","professional@miele.gr","1","jan-gerrit.drexhage@miele.com, christian.guenther@miele.com, thomas.millentrup@miele.com","NEXTCCC-MailboxConfig.foldertemplate.B2B.csv"
"1","professional@miele.nl","1","jan-gerrit.drexhage@miele.com, christian.guenther@miele.com, thomas.millentrup@miele.com","NEXTCCC-MailboxConfig.foldertemplate.B2B.csv"
"1","professionalservice@miele.ie","1","jan-gerrit.drexhage@miele.com, christian.guenther@miele.com, thomas.millentrup@miele.com","NEXTCCC-MailboxConfig.foldertemplate.B2B.csv"
"1","professionalservice@miele.pt","1","jan-gerrit.drexhage@miele.com, christian.guenther@miele.com, thomas.millentrup@miele.com","NEXTCCC-MailboxConfig.foldertemplate.B2B.csv"
"1","professionalservice@miele.es","1","jan-gerrit.drexhage@miele.com, christian.guenther@miele.com, thomas.millentrup@miele.com","NEXTCCC-MailboxConfig.foldertemplate.B2B.csv"
"1","professionalservice@miele.se","1","jan-gerrit.drexhage@miele.com, christian.guenther@miele.com, thomas.millentrup@miele.com","NEXTCCC-MailboxConfig.foldertemplate.B2B.csv"
"1","profservice@miele.dk","1","jan-gerrit.drexhage@miele.com, christian.guenther@miele.com, thomas.millentrup@miele.com","NEXTCCC-MailboxConfig.foldertemplate.B2B.csv"
"1","professionalservice@miele.ch","1","jan-gerrit.drexhage@miele.com, christian.guenther@miele.com, thomas.millentrup@miele.com","NEXTCCC-MailboxConfig.foldertemplate.B2B.csv"
"1","savpro@miele.fr","1","jan-gerrit.drexhage@miele.com, christian.guenther@miele.com, thomas.millentrup@miele.com","NEXTCCC-MailboxConfig.foldertemplate.B2B.csv"
"1","professionalservice@miele.be","1","jan-gerrit.drexhage@miele.com, christian.guenther@miele.com, thomas.millentrup@miele.com","NEXTCCC-MailboxConfig.foldertemplate.B2B.csv"
"1","professionalservice@miele.gr","1","jan-gerrit.drexhage@miele.com, christian.guenther@miele.com, thomas.millentrup@miele.com","NEXTCCC-MailboxConfig.foldertemplate.B2B.csv"
"1","serviceprofessional@miele.nl","1","jan-gerrit.drexhage@miele.com, christian.guenther@miele.com, thomas.millentrup@miele.com","NEXTCCC-MailboxConfig.foldertemplate.B2B.csv"
"1","professionalcontracts@miele.pt","1","jan-gerrit.drexhage@miele.com, christian.guenther@miele.com, thomas.millentrup@miele.com","NEXTCCC-MailboxConfig.foldertemplate.B2B.csv"
"1","professionalcontracts@miele.es","1","jan-gerrit.drexhage@miele.com, christian.guenther@miele.com, thomas.millentrup@miele.com","NEXTCCC-MailboxConfig.foldertemplate.B2B.csv"
"1","professionalcontracts@miele.ie","1","jan-gerrit.drexhage@miele.com, christian.guenther@miele.com, thomas.millentrup@miele.com","NEXTCCC-MailboxConfig.foldertemplate.B2B.csv"
"1","profkontrakt@miele.dk","1","jan-gerrit.drexhage@miele.com, christian.guenther@miele.com, thomas.millentrup@miele.com","NEXTCCC-MailboxConfig.foldertemplate.B2B.csv"
"1","professionalcontracts@miele.ch","1","jan-gerrit.drexhage@miele.com, christian.guenther@miele.com, thomas.millentrup@miele.com","NEXTCCC-MailboxConfig.foldertemplate.B2B.csv"
"1","contratpro@miele.fr","1","jan-gerrit.drexhage@miele.com, christian.guenther@miele.com, thomas.millentrup@miele.com","NEXTCCC-MailboxConfig.foldertemplate.B2B.csv"
"1","professionalcontracts@miele.be","1","jan-gerrit.drexhage@miele.com, christian.guenther@miele.com, thomas.millentrup@miele.com","NEXTCCC-MailboxConfig.foldertemplate.B2B.csv"
"1","contractenprofessional@miele.nl","1","jan-gerrit.drexhage@miele.com, christian.guenther@miele.com, thomas.millentrup@miele.com","NEXTCCC-MailboxConfig.foldertemplate.B2B.csv"
"1","Test.next-b2c@miele.de","1","jan-gerrit.drexhage@miele.com, christian.guenther@miele.com, thomas.millentrup@miele.com","NEXTCCC-MailboxConfig.foldertemplate.B2C.csv"
"1","pieces@miele.fr","0","jan-gerrit.drexhage@miele.com, christian.guenther@miele.com","NEXTCCC-MailboxConfig.foldertemplate.empty.csv"
"1","privacy@miele.be","0","jan-gerrit.drexhage@miele.com, christian.guenther@miele.com","NEXTCCC-MailboxConfig.foldertemplate.empty.csv"
"1","privacy@miele.lu","0","jan-gerrit.drexhage@miele.com, christian.guenther@miele.com","NEXTCCC-MailboxConfig.foldertemplate.empty.csv"
"1","privacy@miele.nl","0","jan-gerrit.drexhage@miele.com, christian.guenther@miele.com","NEXTCCC-MailboxConfig.foldertemplate.empty.csv"
"1","privacy@miele.dk","0","jan-gerrit.drexhage@miele.com, christian.guenther@miele.com","NEXTCCC-MailboxConfig.foldertemplate.empty.csv"
"1","privacy@miele.fi","0","jan-gerrit.drexhage@miele.com, christian.guenther@miele.com","NEXTCCC-MailboxConfig.foldertemplate.empty.csv"
"1","privacy@miele.no","0","jan-gerrit.drexhage@miele.com, christian.guenther@miele.com","NEXTCCC-MailboxConfig.foldertemplate.empty.csv"
"1","privacy@miele.se","0","jan-gerrit.drexhage@miele.com, christian.guenther@miele.com","NEXTCCC-MailboxConfig.foldertemplate.empty.csv"
"1","privacy@miele.fr","0","jan-gerrit.drexhage@miele.com, christian.guenther@miele.com","NEXTCCC-MailboxConfig.foldertemplate.empty.csv"
"1","privacy@miele.gr","0","jan-gerrit.drexhage@miele.com, christian.guenther@miele.com","NEXTCCC-MailboxConfig.foldertemplate.empty.csv"
"1","privacy@miele.pl","0","jan-gerrit.drexhage@miele.com, christian.guenther@miele.com","NEXTCCC-MailboxConfig.foldertemplate.empty.csv"
"1","privacy@miele.co.uk","0","jan-gerrit.drexhage@miele.com, christian.guenther@miele.com","NEXTCCC-MailboxConfig.foldertemplate.empty.csv"
"1","privacy@miele.ie","0","jan-gerrit.drexhage@miele.com, christian.guenther@miele.com","NEXTCCC-MailboxConfig.foldertemplate.empty.csv"
"1","privacy@miele.es","0","jan-gerrit.drexhage@miele.com, christian.guenther@miele.com","NEXTCCC-MailboxConfig.foldertemplate.empty.csv"
"1","privacy@miele.de","0","jan-gerrit.drexhage@miele.com, christian.guenther@miele.com","NEXTCCC-MailboxConfig.foldertemplate.empty.csv"
"1","privacy@miele.cz","0","jan-gerrit.drexhage@miele.com, christian.guenther@miele.com","NEXTCCC-MailboxConfig.foldertemplate.empty.csv"
"1","privacy@miele.it","0","jan-gerrit.drexhage@miele.com, christian.guenther@miele.com","NEXTCCC-MailboxConfig.foldertemplate.empty.csv"
"1","privacy@miele.hu","0","jan-gerrit.drexhage@miele.com, christian.guenther@miele.com","NEXTCCC-MailboxConfig.foldertemplate.empty.csv"
"1","privacy@miele.hr","0","jan-gerrit.drexhage@miele.com, christian.guenther@miele.com","NEXTCCC-MailboxConfig.foldertemplate.empty.csv"
"1","privacy@miele.at","0","jan-gerrit.drexhage@miele.com, christian.guenther@miele.com","NEXTCCC-MailboxConfig.foldertemplate.empty.csv"