"active","MailboxSMTP","reportadditionalfolders","NotifySMTP","templatefile"
"1","Info@miele.ie","1","jan-gerrit.drexhage@miele.com, christian.guenther@miele.com, thomas.millentrup@miele.com","NEXTCCC-MailboxConfig.foldertemplate.B2C.csv"
"1","Info@miele.pt","1","jan-gerrit.drexhage@miele.com, christian.guenther@miele.com, thomas.millentrup@miele.com","NEXTCCC-MailboxConfig.foldertemplate.B2C.csv"
"1","Info@miele.es","1","jan-gerrit.drexhage@miele.com, christian.guenther@miele.com, thomas.millentrup@miele.com","NEXTCCC-MailboxConfig.foldertemplate.B2C.csv"
"1","Info@miele.be","1","jan-gerrit.drexhage@miele.com, christian.guenther@miele.com, thomas.millentrup@miele.com","NEXTCCC-MailboxConfig.foldertemplate.B2C.csv"
"1","Info@miele.fr","1","jan-gerrit.drexhage@miele.com, christian.guenther@miele.com, thomas.millentrup@miele.com","NEXTCCC-MailboxConfig.foldertemplate.B2C.csv"
"1","Info@miele.pl","1","jan-gerrit.drexhage@miele.com, christian.guenther@miele.com, thomas.millentrup@miele.com","NEXTCCC-MailboxConfig.foldertemplate.B2C.csv"
"1","Info@miele.gr","1","jan-gerrit.drexhage@miele.com, christian.guenther@miele.com, thomas.millentrup@miele.com","NEXTCCC-MailboxConfig.foldertemplate.B2C.csv"
"1","Info@miele.cy","1","jan-gerrit.drexhage@miele.com, christian.guenther@miele.com, thomas.millentrup@miele.com","NEXTCCC-MailboxConfig.foldertemplate.B2C.csv"
"1","Info@miele.ch","1","jan-gerrit.drexhage@miele.com, christian.guenther@miele.com, thomas.millentrup@miele.com","NEXTCCC-MailboxConfig.foldertemplate.B2C.csv"
"1","Info@miele.co.za","1","jan-gerrit.drexhage@miele.com, christian.guenther@miele.com, thomas.millentrup@miele.com","NEXTCCC-MailboxConfig.foldertemplate.B2C.csv"
"1","Info@miele.no","1","jan-gerrit.drexhage@miele.com, christian.guenther@miele.com, thomas.millentrup@miele.com","NEXTCCC-MailboxConfig.foldertemplate.B2C.csv"
"1","Info@miele.fi","1","jan-gerrit.drexhage@miele.com, christian.guenther@miele.com, thomas.millentrup@miele.com","NEXTCCC-MailboxConfig.foldertemplate.B2C.csv"
"1","Info@miele.se","1","jan-gerrit.drexhage@miele.com, christian.guenther@miele.com, thomas.millentrup@miele.com","NEXTCCC-MailboxConfig.foldertemplate.B2C.csv"
"1","Info@miele.dk","1","jan-gerrit.drexhage@miele.com, christian.guenther@miele.com, thomas.millentrup@miele.com","NEXTCCC-MailboxConfig.foldertemplate.B2C.csv"
"1","Info@miele.be","1","jan-gerrit.drexhage@miele.com, christian.guenther@miele.com, thomas.millentrup@miele.com","NEXTCCC-MailboxConfig.foldertemplate.B2C.csv"
"1","Info@miele.lu","1","jan-gerrit.drexhage@miele.com, christian.guenther@miele.com, thomas.millentrup@miele.com","NEXTCCC-MailboxConfig.foldertemplate.B2C.csv"
"1","Info@miele.nl","1","jan-gerrit.drexhage@miele.com, christian.guenther@miele.com, thomas.millentrup@miele.com","NEXTCCC-MailboxConfig.foldertemplate.B2C.csv"
"1","club@miele.be","1","jan-gerrit.drexhage@miele.com, christian.guenther@miele.com, thomas.millentrup@miele.com","NEXTCCC-MailboxConfig.foldertemplate.B2C.csv"
"1","club@miele.lu","1","jan-gerrit.drexhage@miele.com, christian.guenther@miele.com, thomas.millentrup@miele.com","NEXTCCC-MailboxConfig.foldertemplate.B2C.csv"
"1","club@miele.nl","1","jan-gerrit.drexhage@miele.com, christian.guenther@miele.com, thomas.millentrup@miele.com","NEXTCCC-MailboxConfig.foldertemplate.B2C.csv"
"1","club@miele.dk","1","jan-gerrit.drexhage@miele.com, christian.guenther@miele.com, thomas.millentrup@miele.com","NEXTCCC-MailboxConfig.foldertemplate.B2C.csv"
"1","club@miele.fi","1","jan-gerrit.drexhage@miele.com, christian.guenther@miele.com, thomas.millentrup@miele.com","NEXTCCC-MailboxConfig.foldertemplate.B2C.csv"
"1","club@miele.no","1","jan-gerrit.drexhage@miele.com, christian.guenther@miele.com, thomas.millentrup@miele.com","NEXTCCC-MailboxConfig.foldertemplate.B2C.csv"
"1","club@miele.se","1","jan-gerrit.drexhage@miele.com, christian.guenther@miele.com, thomas.millentrup@miele.com","NEXTCCC-MailboxConfig.foldertemplate.B2C.csv"
"1","club@miele.ch","1","jan-gerrit.drexhage@miele.com, christian.guenther@miele.com, thomas.millentrup@miele.com","NEXTCCC-MailboxConfig.foldertemplate.B2C.csv"
"1","club@miele.fr","1","jan-gerrit.drexhage@miele.com, christian.guenther@miele.com, thomas.millentrup@miele.com","NEXTCCC-MailboxConfig.foldertemplate.B2C.csv"
"1","club@miele.gr","1","jan-gerrit.drexhage@miele.com, christian.guenther@miele.com, thomas.millentrup@miele.com","NEXTCCC-MailboxConfig.foldertemplate.B2C.csv"
"1","club@miele.cy","1","jan-gerrit.drexhage@miele.com, christian.guenther@miele.com, thomas.millentrup@miele.com","NEXTCCC-MailboxConfig.foldertemplate.B2C.csv"
"1","club@miele.pl","1","jan-gerrit.drexhage@miele.com, christian.guenther@miele.com, thomas.millentrup@miele.com","NEXTCCC-MailboxConfig.foldertemplate.B2C.csv"
"1","club@miele.se","1","jan-gerrit.drexhage@miele.com, christian.guenther@miele.com, thomas.millentrup@miele.com","NEXTCCC-MailboxConfig.foldertemplate.B2C.csv"
"1","club@miele.co.za","1","jan-gerrit.drexhage@miele.com, christian.guenther@miele.com, thomas.millentrup@miele.com","NEXTCCC-MailboxConfig.foldertemplate.B2C.csv"
"1","club@miele.pt","1","jan-gerrit.drexhage@miele.com, christian.guenther@miele.com, thomas.millentrup@miele.com","NEXTCCC-MailboxConfig.foldertemplate.B2C.csv"
"1","club@miele.es","1","jan-gerrit.drexhage@miele.com, christian.guenther@miele.com, thomas.millentrup@miele.com","NEXTCCC-MailboxConfig.foldertemplate.B2C.csv"
"1","club@miele.ie","1","jan-gerrit.drexhage@miele.com, christian.guenther@miele.com, thomas.millentrup@miele.com","NEXTCCC-MailboxConfig.foldertemplate.B2C.csv"
"1","domesticprojects@miele.pt","1","jan-gerrit.drexhage@miele.com, christian.guenther@miele.com, thomas.millentrup@miele.com","NEXTCCC-MailboxConfig.foldertemplate.B2B.csv"
"1","domesticprojects@miele.ie","1","jan-gerrit.drexhage@miele.com, christian.guenther@miele.com, thomas.millentrup@miele.com","NEXTCCC-MailboxConfig.foldertemplate.B2B.csv"
"1","domesticprojects@miele.se","1","jan-gerrit.drexhage@miele.com, christian.guenther@miele.com, thomas.millentrup@miele.com","NEXTCCC-MailboxConfig.foldertemplate.B2B.csv"
"1","proyectos@miele.es","1","jan-gerrit.drexhage@miele.com, christian.guenther@miele.com, thomas.millentrup@miele.com","NEXTCCC-MailboxConfig.foldertemplate.B2B.csv"
"1","b2bprojekt@miele.dk","1","jan-gerrit.drexhage@miele.com, christian.guenther@miele.com, thomas.millentrup@miele.com","NEXTCCC-MailboxConfig.foldertemplate.B2B.csv"
"1","domesticprojects@miele.ch","1","jan-gerrit.drexhage@miele.com, christian.guenther@miele.com, thomas.millentrup@miele.com","NEXTCCC-MailboxConfig.foldertemplate.B2B.csv"
"1","domesticservice@miele.es","1","jan-gerrit.drexhage@miele.com, christian.guenther@miele.com, thomas.millentrup@miele.com","NEXTCCC-MailboxConfig.foldertemplate.B2B.csv"
"1","domesticservice@miele.se","1","jan-gerrit.drexhage@miele.com, christian.guenther@miele.com, thomas.millentrup@miele.com","NEXTCCC-MailboxConfig.foldertemplate.B2B.csv"
"1","domesticservice@miele.pt","1","jan-gerrit.drexhage@miele.com, christian.guenther@miele.com, thomas.millentrup@miele.com","NEXTCCC-MailboxConfig.foldertemplate.B2B.csv"
"1","domesticservice@miele.ie","1","jan-gerrit.drexhage@miele.com, christian.guenther@miele.com, thomas.millentrup@miele.com","NEXTCCC-MailboxConfig.foldertemplate.B2B.csv"
"1","domesticservice@miele.co.za","1","jan-gerrit.drexhage@miele.com, christian.guenther@miele.com, thomas.millentrup@miele.com","NEXTCCC-MailboxConfig.foldertemplate.B2B.csv"
"1","b2bservice@miele.dk","1","jan-gerrit.drexhage@miele.com, christian.guenther@miele.com, thomas.millentrup@miele.com","NEXTCCC-MailboxConfig.foldertemplate.B2B.csv"
"1","domesticservice@miele.ch","1","jan-gerrit.drexhage@miele.com, christian.guenther@miele.com, thomas.millentrup@miele.com","NEXTCCC-MailboxConfig.foldertemplate.B2B.csv"
"1","domesticsales@miele.pt","1","jan-gerrit.drexhage@miele.com, christian.guenther@miele.com, thomas.millentrup@miele.com","NEXTCCC-MailboxConfig.foldertemplate.B2B.csv"
"1","domesticsales@miele.se","1","jan-gerrit.drexhage@miele.com, christian.guenther@miele.com, thomas.millentrup@miele.com","NEXTCCC-MailboxConfig.foldertemplate.B2B.csv"
"1","domesticsales@miele.ie","1","jan-gerrit.drexhage@miele.com, christian.guenther@miele.com, thomas.millentrup@miele.com","NEXTCCC-MailboxConfig.foldertemplate.B2B.csv"
"1","domesticsales@miele.co.za","1","jan-gerrit.drexhage@miele.com, christian.guenther@miele.com, thomas.millentrup@miele.com","NEXTCCC-MailboxConfig.foldertemplate.B2B.csv"
"1","atenciondistribuidor@miele.es","1","jan-gerrit.drexhage@miele.com, christian.guenther@miele.com, thomas.millentrup@miele.com","NEXTCCC-MailboxConfig.foldertemplate.B2B.csv"
"1","b2bsalg@miele.dk","1","jan-gerrit.drexhage@miele.com, christian.guenther@miele.com, thomas.millentrup@miele.com","NEXTCCC-MailboxConfig.foldertemplate.B2B.csv"
"1","domesticsales@miele.ch","1","jan-gerrit.drexhage@miele.com, christian.guenther@miele.com, thomas.millentrup@miele.com","NEXTCCC-MailboxConfig.foldertemplate.B2B.csv"
"1","professional@miele.co.za","1","jan-gerrit.drexhage@miele.com, christian.guenther@miele.com, thomas.millentrup@miele.com","NEXTCCC-MailboxConfig.foldertemplate.B2B.csv"
"1","professional@miele.es","1","jan-gerrit.drexhage@miele.com, christian.guenther@miele.com, thomas.millentrup@miele.com","NEXTCCC-MailboxConfig.foldertemplate.B2B.csv"
"1","professional@miele.se","1","jan-gerrit.drexhage@miele.com, christian.guenther@miele.com, thomas.millentrup@miele.com","NEXTCCC-MailboxConfig.foldertemplate.B2B.csv"
"1","professional@miele.ie","1","jan-gerrit.drexhage@miele.com, christian.guenther@miele.com, thomas.millentrup@miele.com","NEXTCCC-MailboxConfig.foldertemplate.B2B.csv"
"1","professional@miele.pt","1","jan-gerrit.drexhage@miele.com, christian.guenther@miele.com, thomas.millentrup@miele.com","NEXTCCC-MailboxConfig.foldertemplate.B2B.csv"
"1","professional@miele.dk","1","jan-gerrit.drexhage@miele.com, christian.guenther@miele.com, thomas.millentrup@miele.com","NEXTCCC-MailboxConfig.foldertemplate.B2B.csv"
"1","professional@miele.ch","1","jan-gerrit.drexhage@miele.com, christian.guenther@miele.com, thomas.millentrup@miele.com","NEXTCCC-MailboxConfig.foldertemplate.B2B.csv"
"1","professionalservice@miele.ie","1","jan-gerrit.drexhage@miele.com, christian.guenther@miele.com, thomas.millentrup@miele.com","NEXTCCC-MailboxConfig.foldertemplate.B2B.csv"
"1","professionalservice@miele.pt","1","jan-gerrit.drexhage@miele.com, christian.guenther@miele.com, thomas.millentrup@miele.com","NEXTCCC-MailboxConfig.foldertemplate.B2B.csv"
"1","professionalservice@miele.es","1","jan-gerrit.drexhage@miele.com, christian.guenther@miele.com, thomas.millentrup@miele.com","NEXTCCC-MailboxConfig.foldertemplate.B2B.csv"
"1","professionalservice@miele.se","1","jan-gerrit.drexhage@miele.com, christian.guenther@miele.com, thomas.millentrup@miele.com","NEXTCCC-MailboxConfig.foldertemplate.B2B.csv"
"1","profservice@miele.dk","1","jan-gerrit.drexhage@miele.com, christian.guenther@miele.com, thomas.millentrup@miele.com","NEXTCCC-MailboxConfig.foldertemplate.B2B.csv"
"1","professionalservice@miele.ch","1","jan-gerrit.drexhage@miele.com, christian.guenther@miele.com, thomas.millentrup@miele.com","NEXTCCC-MailboxConfig.foldertemplate.B2B.csv"
"1","professionalcontracts@miele.pt","1","jan-gerrit.drexhage@miele.com, christian.guenther@miele.com, thomas.millentrup@miele.com","NEXTCCC-MailboxConfig.foldertemplate.B2B.csv"
"1","professionalcontracts@miele.es","1","jan-gerrit.drexhage@miele.com, christian.guenther@miele.com, thomas.millentrup@miele.com","NEXTCCC-MailboxConfig.foldertemplate.B2B.csv"
"1","professionalcontracts@miele.se","1","jan-gerrit.drexhage@miele.com, christian.guenther@miele.com, thomas.millentrup@miele.com","NEXTCCC-MailboxConfig.foldertemplate.B2B.csv"
"1","professionalcontracts@miele.ie","1","jan-gerrit.drexhage@miele.com, christian.guenther@miele.com, thomas.millentrup@miele.com","NEXTCCC-MailboxConfig.foldertemplate.B2B.csv"
"1","profkontrakt@miele.dk","1","jan-gerrit.drexhage@miele.com, christian.guenther@miele.com, thomas.millentrup@miele.com","NEXTCCC-MailboxConfig.foldertemplate.B2B.csv"
"1","professionalcontracts@miele.ch","1","jan-gerrit.drexhage@miele.com, christian.guenther@miele.com, thomas.millentrup@miele.com","NEXTCCC-MailboxConfig.foldertemplate.B2B.csv"
"1","Test.next-b2c@miele.de","1","jan-gerrit.drexhage@miele.com, christian.guenther@miele.com, thomas.millentrup@miele.com","NEXTCCC-MailboxConfig.foldertemplate.B2C.csv"
"1","Test.next-b2b@miele.de","1","jan-gerrit.drexhage@miele.com, christian.guenther@miele.com, thomas.millentrup@miele.com","NEXTCCC-MailboxConfig.foldertemplate.B2B.csv"